ID	Section	Sentence	Desired_Section	Segment_annotation	Issue Type
e32fca6c8f6d6586417d38a5c458d41be681e37057ce3b19e68421225005bf6a153b873c9bfd3446131d7ad73c8a32295ff844a94a840709c1d3cf921017e3db	summary_of_weaknesses	The authors claim that the alpha entmax is slow because it requires sorting.	Summary_of_weaknesses	B	Other
e32fca6c8f6d6586417d38a5c458d41be681e37057ce3b19e68421225005bf6a153b873c9bfd3446131d7ad73c8a32295ff844a94a840709c1d3cf921017e3db	summary_of_weaknesses	I checked the code of  $\alpha$-entmax implemented in https://github.com/deep-spin/entmax and find that the top-k approximation is the default option with K=100 as the default setting.	Summary_of_weaknesses	I	Other
e32fca6c8f6d6586417d38a5c458d41be681e37057ce3b19e68421225005bf6a153b873c9bfd3446131d7ad73c8a32295ff844a94a840709c1d3cf921017e3db	summary_of_weaknesses	In this case, `torch.topk` is called in the code, and only K numbers are sorted.	Summary_of_weaknesses	I	Other
e32fca6c8f6d6586417d38a5c458d41be681e37057ce3b19e68421225005bf6a153b873c9bfd3446131d7ad73c8a32295ff844a94a840709c1d3cf921017e3db	summary_of_weaknesses	Therefore, if the author position the proposed method as a fast approximation to the original  $\alpha$-entmax, I think the authors shall perform more systematical comparison with the top-k approximation.	Summary_of_weaknesses	I	Other
e32fca6c8f6d6586417d38a5c458d41be681e37057ce3b19e68421225005bf6a153b873c9bfd3446131d7ad73c8a32295ff844a94a840709c1d3cf921017e3db	summary_of_weaknesses	In the paper, the only comparison with top-k approximation is Figure 2 (bottom, center).	Summary_of_weaknesses	I	The paper is missing recent baselines
e32fca6c8f6d6586417d38a5c458d41be681e37057ce3b19e68421225005bf6a153b873c9bfd3446131d7ad73c8a32295ff844a94a840709c1d3cf921017e3db	summary_of_weaknesses	However, it's actually difficult to make a conclusion for comparing performance and speed based on this figure.	Summary_of_weaknesses	I	X is not clear
e32fca6c8f6d6586417d38a5c458d41be681e37057ce3b19e68421225005bf6a153b873c9bfd3446131d7ad73c8a32295ff844a94a840709c1d3cf921017e3db	summary_of_weaknesses	It seems that the proposed 1.5-ReLU is still faster in the first 20 hours of training, then the gap closes.	"""comments,_suggestions_and_typos"""	I	H2. The results contradict what I would expect
e32fca6c8f6d6586417d38a5c458d41be681e37057ce3b19e68421225005bf6a153b873c9bfd3446131d7ad73c8a32295ff844a94a840709c1d3cf921017e3db	summary_of_weaknesses	Also, as a key performance indicator of the proposed method, it is desirable to have the actual numbers.	Summary_of_weaknesses	B	H15. The authors should have done [X] instead, H13. The authors could also do [extra experiment X]
e32fca6c8f6d6586417d38a5c458d41be681e37057ce3b19e68421225005bf6a153b873c9bfd3446131d7ad73c8a32295ff844a94a840709c1d3cf921017e3db	summary_of_weaknesses	For example, averaged seconds per batch for training and averaged seconds per 1k decoding requests for inference.	"""comments,_suggestions_and_typos"""	I	H15. The authors should have done [X] instead, H13. The authors could also do [extra experiment X]
e32fca6c8f6d6586417d38a5c458d41be681e37057ce3b19e68421225005bf6a153b873c9bfd3446131d7ad73c8a32295ff844a94a840709c1d3cf921017e3db	summary_of_weaknesses	It will be even better to profile just the computation time of softmax /  $\alpha$-entmax /  $\alpha$-ReLU operators.	Summary_of_weaknesses	I	H13. The authors could also do [extra experiment X]
e32fca6c8f6d6586417d38a5c458d41be681e37057ce3b19e68421225005bf6a153b873c9bfd3446131d7ad73c8a32295ff844a94a840709c1d3cf921017e3db	summary_of_weaknesses	I hope to see more detailed comparison with the top-k variant of $\alpha$-entmax on (1) translation performance (at least WMT14 En-De) and (2) execution speed (can be seconds per 1k batch, will be better if reporting the running time of just the $\alpha$-entmax/$\alpha$-ReLU layer).	Summary_of_weaknesses	I	The paper is missing recent baselines, H13. The authors could also do [extra experiment X]
e32fca6c8f6d6586417d38a5c458d41be681e37057ce3b19e68421225005bf6a153b873c9bfd3446131d7ad73c8a32295ff844a94a840709c1d3cf921017e3db	summary_of_weaknesses	I might change my assessment according to the results.	"""comments,_suggestions_and_typos"""	O	Other
e32fca6c8f6d6586417d38a5c458d41be681e37057ce3b19e68421225005bf6a153b873c9bfd3446131d7ad73c8a32295ff844a94a840709c1d3cf921017e3db	summary_of_weaknesses	Another concern is on the distribution, in Figure 7, authors showed that the sums are still concentrating to a certain value.	Summary_of_weaknesses	B	H2. The results contradict what I would expect
e32fca6c8f6d6586417d38a5c458d41be681e37057ce3b19e68421225005bf6a153b873c9bfd3446131d7ad73c8a32295ff844a94a840709c1d3cf921017e3db	summary_of_weaknesses	However, the deviation is not small according to this figure.	Summary_of_weaknesses	I	H2. The results contradict what I would expect, H6. The results are negative
e32fca6c8f6d6586417d38a5c458d41be681e37057ce3b19e68421225005bf6a153b873c9bfd3446131d7ad73c8a32295ff844a94a840709c1d3cf921017e3db	summary_of_weaknesses	Will this impact the correctness of the language model scores (log p)?	Summary_of_weaknesses	I	Other
e32fca6c8f6d6586417d38a5c458d41be681e37057ce3b19e68421225005bf6a153b873c9bfd3446131d7ad73c8a32295ff844a94a840709c1d3cf921017e3db	summary_of_weaknesses	Some applications are relying on the scores for reranking purposes.	Summary_of_weaknesses	I	Other
e32fca6c8f6d6586417d38a5c458d41be681e37057ce3b19e68421225005bf6a153b873c9bfd3446131d7ad73c8a32295ff844a94a840709c1d3cf921017e3db	comments,_suggestions_and_typos	 For evaluation, the datasets that the authors use are pretty old datasets.	"""comments,_suggestions_and_typos"""	B	The algorithm's interaction with dataset is problematic
e32fca6c8f6d6586417d38a5c458d41be681e37057ce3b19e68421225005bf6a153b873c9bfd3446131d7ad73c8a32295ff844a94a840709c1d3cf921017e3db	comments,_suggestions_and_typos	I'm not against using WMT14 En-De, however, WMT13 En-Ru is rare in the research community recently.	"""comments,_suggestions_and_typos"""	I	H15. The authors should have done [X] instead
71b380083f9f4565cc5c713c5a7322cb7e5babac483a8279bb593c867f7ed30aca71035acab5395278fc0d8cc0fa7b5682d433d952b6d01f74262855033d1364	summary_of_weaknesses	1	Summary_of_weaknesses	O	Other
71b380083f9f4565cc5c713c5a7322cb7e5babac483a8279bb593c867f7ed30aca71035acab5395278fc0d8cc0fa7b5682d433d952b6d01f74262855033d1364	summary_of_weaknesses	The proposed model seems to be similar to the multi-relational GCN model in (“Modeling relational data with graph convolutional networks”, 2018), please give the more discussion about the difference of such two works; 2.	Summary_of_weaknesses	B	The paper is missing relevant references, The paper is missing recent baselines, H12. The paper is missing the [reference X], H14.  The authors should compare to a 'closed' model X
71b380083f9f4565cc5c713c5a7322cb7e5babac483a8279bb593c867f7ed30aca71035acab5395278fc0d8cc0fa7b5682d433d952b6d01f74262855033d1364	summary_of_weaknesses	For Eq.	Summary_of_weaknesses	B	
71b380083f9f4565cc5c713c5a7322cb7e5babac483a8279bb593c867f7ed30aca71035acab5395278fc0d8cc0fa7b5682d433d952b6d01f74262855033d1364	summary_of_weaknesses	(6), the learning of each channel of each element in adjacency matrix A via the biaffine attention module is unclear, especially for non-numeric linguistic features like POS combination or syntactic dependency types.	Summary_of_weaknesses	I	X is not clear
71b380083f9f4565cc5c713c5a7322cb7e5babac483a8279bb593c867f7ed30aca71035acab5395278fc0d8cc0fa7b5682d433d952b6d01f74262855033d1364	summary_of_weaknesses	3. The proposed end-to-end framework seems to be a little ad-hoc, such as the motivation of the selection of four types of linguistic features is obscure, meanwhile the linguistic features are extracted by external toolkits, and thus I wonder the influence of toolkit errors on the performance of proposed model.	Summary_of_weaknesses	B	The algorithm's interaction with dataset is problematic
71b380083f9f4565cc5c713c5a7322cb7e5babac483a8279bb593c867f7ed30aca71035acab5395278fc0d8cc0fa7b5682d433d952b6d01f74262855033d1364	summary_of_weaknesses	Furthermore, different linguistic features with constraints (R^{pos}, R^{dep}, R^{tbd}, R^{rpd}) may have different influences on the performance of the proposed model, an ablation study is needed for analysis, such as the independent influence of different linguistic features, and the cross-influences of different linguistic features like feature pair (POS, tree-based) or other combinations.	Summary_of_weaknesses	I	H13. The authors could also do [extra experiment X]
71b380083f9f4565cc5c713c5a7322cb7e5babac483a8279bb593c867f7ed30aca71035acab5395278fc0d8cc0fa7b5682d433d952b6d01f74262855033d1364	summary_of_weaknesses	In addition, the proposed model need to aggregate the information from different channel, and thus I wonder how it handle the situation if the values of different linguistic features are not in a same scale?	Summary_of_weaknesses	I	X is not clear
71b380083f9f4565cc5c713c5a7322cb7e5babac483a8279bb593c867f7ed30aca71035acab5395278fc0d8cc0fa7b5682d433d952b6d01f74262855033d1364	summary_of_weaknesses	4		O	
71b380083f9f4565cc5c713c5a7322cb7e5babac483a8279bb593c867f7ed30aca71035acab5395278fc0d8cc0fa7b5682d433d952b6d01f74262855033d1364	summary_of_weaknesses	The refined strategy seems to be a coarse strategy, which is only useful for the relations like “A”, actually I wonder the analysis of the refined strategy on different types of relations of word-pairs, which is benefit for better understanding the influence of refined strategy;	Summary_of_weaknesses	B	X is not clear, H13. The authors could also do [extra experiment X]
71b380083f9f4565cc5c713c5a7322cb7e5babac483a8279bb593c867f7ed30aca71035acab5395278fc0d8cc0fa7b5682d433d952b6d01f74262855033d1364	comments,_suggestions_and_typos	comments,_suggestions_and_typos:Minor errors: the definition of POS has different meanings, e.g., Part-of-Speech for linguistic features, and a type of 10 self-defined relations of word-pairs, suggest to distinguish such two definitions with different symbols.	"""comments,_suggestions_and_typos"""	I	H11. The paper has language errors
ec7b1acd2cc7faf054d68f6a564a1b4888a860c6e9d66cbf40dd556e0aabdec0d7719bf6bf1317e60297ab85fc12d59daa91bd49aa13fa665f4568a4ccd5a475	summary_of_weaknesses	1	Summary_of_weaknesses	O	Other
ec7b1acd2cc7faf054d68f6a564a1b4888a860c6e9d66cbf40dd556e0aabdec0d7719bf6bf1317e60297ab85fc12d59daa91bd49aa13fa665f4568a4ccd5a475	summary_of_weaknesses	The descriptions of several important sentences are unclear, e.g., in “For all languages, we use the reduced version of Wikipedia database”, it is suggested to provide the links to the reduced version of Wikipedia database for all languages (except for English).	Summary_of_weaknesses	B	X is not clear
ec7b1acd2cc7faf054d68f6a564a1b4888a860c6e9d66cbf40dd556e0aabdec0d7719bf6bf1317e60297ab85fc12d59daa91bd49aa13fa665f4568a4ccd5a475	summary_of_weaknesses	To evaluate the influence of these large collocation training corpora, it is also suggested to compute the collocation measures for all bigrams on each document collection (i.e., without any external corpora).	Summary_of_weaknesses	I	Other
ec7b1acd2cc7faf054d68f6a564a1b4888a860c6e9d66cbf40dd556e0aabdec0d7719bf6bf1317e60297ab85fc12d59daa91bd49aa13fa665f4568a4ccd5a475	summary_of_weaknesses	2. Figure 1 should be illustrated in more details.	Summary_of_weaknesses	B	X is not clear
ec7b1acd2cc7faf054d68f6a564a1b4888a860c6e9d66cbf40dd556e0aabdec0d7719bf6bf1317e60297ab85fc12d59daa91bd49aa13fa665f4568a4ccd5a475	summary_of_weaknesses	Why only show the results of three languages in Figure 1?	Summary_of_weaknesses	I	X is not clear
ec7b1acd2cc7faf054d68f6a564a1b4888a860c6e9d66cbf40dd556e0aabdec0d7719bf6bf1317e60297ab85fc12d59daa91bd49aa13fa665f4568a4ccd5a475	summary_of_weaknesses	Are the results of other languages consistent with these three languages?	Summary_of_weaknesses	I	X is not clear
ec7b1acd2cc7faf054d68f6a564a1b4888a860c6e9d66cbf40dd556e0aabdec0d7719bf6bf1317e60297ab85fc12d59daa91bd49aa13fa665f4568a4ccd5a475	summary_of_weaknesses	3		O	
ec7b1acd2cc7faf054d68f6a564a1b4888a860c6e9d66cbf40dd556e0aabdec0d7719bf6bf1317e60297ab85fc12d59daa91bd49aa13fa665f4568a4ccd5a475	summary_of_weaknesses	The related work section is quite sketchy.	Summary_of_weaknesses	B	The paper is missing relevant references
ec7b1acd2cc7faf054d68f6a564a1b4888a860c6e9d66cbf40dd556e0aabdec0d7719bf6bf1317e60297ab85fc12d59daa91bd49aa13fa665f4568a4ccd5a475	summary_of_weaknesses	There are limited reviews on collocations and topic models in recent years.	Summary_of_weaknesses	I	The paper is missing relevant references
ec7b1acd2cc7faf054d68f6a564a1b4888a860c6e9d66cbf40dd556e0aabdec0d7719bf6bf1317e60297ab85fc12d59daa91bd49aa13fa665f4568a4ccd5a475	summary_of_weaknesses	One of the relevant early studies was cited, i.e., (Lau et al., 2013), in which, Lau et al. compared topic models learned from unigram bag-of-words data, with topic models learned from bag-of-words data that includes preextracted bigram collocations.	Summary_of_weaknesses	I	H12. The paper is missing the [reference X]
ec7b1acd2cc7faf054d68f6a564a1b4888a860c6e9d66cbf40dd556e0aabdec0d7719bf6bf1317e60297ab85fc12d59daa91bd49aa13fa665f4568a4ccd5a475	summary_of_weaknesses	As shown in (Lau et al., 2013), they considered four different bigram replacement methods.	Summary_of_weaknesses	I	H12. The paper is missing the [reference X]
ec7b1acd2cc7faf054d68f6a564a1b4888a860c6e9d66cbf40dd556e0aabdec0d7719bf6bf1317e60297ab85fc12d59daa91bd49aa13fa665f4568a4ccd5a475	summary_of_weaknesses	Particularly, they first extracted bigrams for each document collection using the N-gram Statistics Package, identifying the top bigrams based on the Student’s t-test.	Summary_of_weaknesses	I	H12. The paper is missing the [reference X]
ec7b1acd2cc7faf054d68f6a564a1b4888a860c6e9d66cbf40dd556e0aabdec0d7719bf6bf1317e60297ab85fc12d59daa91bd49aa13fa665f4568a4ccd5a475	summary_of_weaknesses	Then, they used the top 1k, 10k, and 100k as the three different bigram replacement methods.	Summary_of_weaknesses	I	H12. The paper is missing the [reference X]
ec7b1acd2cc7faf054d68f6a564a1b4888a860c6e9d66cbf40dd556e0aabdec0d7719bf6bf1317e60297ab85fc12d59daa91bd49aa13fa665f4568a4ccd5a475	summary_of_weaknesses	Unfortunately, the above method was not employed as the baseline in this study, in order to validate the effectiveness of using large collocation training corpora to compute the collocation measures for all bigrams.	Summary_of_weaknesses	I	H12. The paper is missing the [reference X]
ec7b1acd2cc7faf054d68f6a564a1b4888a860c6e9d66cbf40dd556e0aabdec0d7719bf6bf1317e60297ab85fc12d59daa91bd49aa13fa665f4568a4ccd5a475	comments,_suggestions_and_typos	comments,_suggestions_and_typos:1.	"""comments,_suggestions_and_typos"""	O	
ec7b1acd2cc7faf054d68f6a564a1b4888a860c6e9d66cbf40dd556e0aabdec0d7719bf6bf1317e60297ab85fc12d59daa91bd49aa13fa665f4568a4ccd5a475	comments,_suggestions_and_typos	The presentation can be improved, e.g., “To train word embeddings” (line 298) and “to obtain word embeddings” (line 301) are repetitive.	"""comments,_suggestions_and_typos"""	B	H11. The paper has language errors
ec7b1acd2cc7faf054d68f6a564a1b4888a860c6e9d66cbf40dd556e0aabdec0d7719bf6bf1317e60297ab85fc12d59daa91bd49aa13fa665f4568a4ccd5a475	comments,_suggestions_and_typos	2	"""comments,_suggestions_and_typos"""	O	
ec7b1acd2cc7faf054d68f6a564a1b4888a860c6e9d66cbf40dd556e0aabdec0d7719bf6bf1317e60297ab85fc12d59daa91bd49aa13fa665f4568a4ccd5a475	comments,_suggestions_and_typos	The reference (El-Kishky et al., 2014) had been published at Proc.	"""comments,_suggestions_and_typos"""	B	Other
ec7b1acd2cc7faf054d68f6a564a1b4888a860c6e9d66cbf40dd556e0aabdec0d7719bf6bf1317e60297ab85fc12d59daa91bd49aa13fa665f4568a4ccd5a475	comments,_suggestions_and_typos	VLDB Endow.	"""comments,_suggestions_and_typos"""	I	
ec7b1acd2cc7faf054d68f6a564a1b4888a860c6e9d66cbf40dd556e0aabdec0d7719bf6bf1317e60297ab85fc12d59daa91bd49aa13fa665f4568a4ccd5a475	comments,_suggestions_and_typos	8(3): 305-316 (2014).	"""comments,_suggestions_and_typos"""	I	
ec7b1acd2cc7faf054d68f6a564a1b4888a860c6e9d66cbf40dd556e0aabdec0d7719bf6bf1317e60297ab85fc12d59daa91bd49aa13fa665f4568a4ccd5a475	comments,_suggestions_and_typos	Besides, the information of reference (Merity et al., 2016) are incomplete.	"""comments,_suggestions_and_typos"""	I	Other
9d73f23756d1ed4fed8337e814c0baba99d205b2e1f53ec004f4d00e10451e298f1e7097e48478af90258839ffdffcc2e4a89c4ac49cbdaa5d6b3b2ec67cc04a	summary_of_weaknesses	1) It is unclear how one should do the smoothing of LR in the “Smooth” variant.	Summary_of_weaknesses	B	X is not clear
9d73f23756d1ed4fed8337e814c0baba99d205b2e1f53ec004f4d00e10451e298f1e7097e48478af90258839ffdffcc2e4a89c4ac49cbdaa5d6b3b2ec67cc04a	summary_of_weaknesses	The authors proposed some values in the reasonable range but without any discussion on how they are decided.	Summary_of_weaknesses	I	Not Enough info
9d73f23756d1ed4fed8337e814c0baba99d205b2e1f53ec004f4d00e10451e298f1e7097e48478af90258839ffdffcc2e4a89c4ac49cbdaa5d6b3b2ec67cc04a	summary_of_weaknesses	It would be great if there is a methodical approach or a description of how this is done.	Summary_of_weaknesses	I	X is not clear
9d73f23756d1ed4fed8337e814c0baba99d205b2e1f53ec004f4d00e10451e298f1e7097e48478af90258839ffdffcc2e4a89c4ac49cbdaa5d6b3b2ec67cc04a	summary_of_weaknesses	2) Layer conductance is not a good way to measure vanishing gradients.	Summary_of_weaknesses	B	Other
9d73f23756d1ed4fed8337e814c0baba99d205b2e1f53ec004f4d00e10451e298f1e7097e48478af90258839ffdffcc2e4a89c4ac49cbdaa5d6b3b2ec67cc04a	summary_of_weaknesses	It is a measure of neuron importance for a given input.	Summary_of_weaknesses	I	Other
9d73f23756d1ed4fed8337e814c0baba99d205b2e1f53ec004f4d00e10451e298f1e7097e48478af90258839ffdffcc2e4a89c4ac49cbdaa5d6b3b2ec67cc04a	summary_of_weaknesses	While the result of conductance analysis is in the form of “gradients”, it is a different concept from the gradients the model receives during training.	Summary_of_weaknesses	I	Other
9d73f23756d1ed4fed8337e814c0baba99d205b2e1f53ec004f4d00e10451e298f1e7097e48478af90258839ffdffcc2e4a89c4ac49cbdaa5d6b3b2ec67cc04a	summary_of_weaknesses	Hence, I would argue that the layer conductance analysis is actually not measuring what the authors aim to measure and the conclusions should be revised.	Summary_of_weaknesses	I	Other
9d73f23756d1ed4fed8337e814c0baba99d205b2e1f53ec004f4d00e10451e298f1e7097e48478af90258839ffdffcc2e4a89c4ac49cbdaa5d6b3b2ec67cc04a	summary_of_weaknesses	3) MSLR requires knowing the unimodal optimal learning rates in advance - which means we have to spend resources to tune unimodal models and discard them in the end.	Summary_of_weaknesses	B	Other
9d73f23756d1ed4fed8337e814c0baba99d205b2e1f53ec004f4d00e10451e298f1e7097e48478af90258839ffdffcc2e4a89c4ac49cbdaa5d6b3b2ec67cc04a	summary_of_weaknesses	It would be interesting to see how this compares to directly tuning a late-fusion model with separate LR for each modality, especially with a similar or less compute budget.	Summary_of_weaknesses	I	H13. The authors could also do [extra experiment X]
9d73f23756d1ed4fed8337e814c0baba99d205b2e1f53ec004f4d00e10451e298f1e7097e48478af90258839ffdffcc2e4a89c4ac49cbdaa5d6b3b2ec67cc04a	comments,_suggestions_and_typos	comments,_suggestions_and_typos:1)	"""comments,_suggestions_and_typos"""	O	
9d73f23756d1ed4fed8337e814c0baba99d205b2e1f53ec004f4d00e10451e298f1e7097e48478af90258839ffdffcc2e4a89c4ac49cbdaa5d6b3b2ec67cc04a	comments,_suggestions_and_typos	Relating to weakness 2), the authors need to properly measure gradients during training and validate their hypothesis about vanishing gradients, which would be easy to measure with norm of gradients.	"""comments,_suggestions_and_typos"""	B	H15. The authors should have done [X] instead
9d73f23756d1ed4fed8337e814c0baba99d205b2e1f53ec004f4d00e10451e298f1e7097e48478af90258839ffdffcc2e4a89c4ac49cbdaa5d6b3b2ec67cc04a	comments,_suggestions_and_typos	If the authors do not have the resources to conduct this analysis in time, I suggest the authors to revise their claims on vanishing gradients as layer conductance does not measure that.	"""comments,_suggestions_and_typos"""	I	Other
9d73f23756d1ed4fed8337e814c0baba99d205b2e1f53ec004f4d00e10451e298f1e7097e48478af90258839ffdffcc2e4a89c4ac49cbdaa5d6b3b2ec67cc04a	comments,_suggestions_and_typos	2) I suggest the authors to add a brief discussion about how to pick learning rates in the “Smooth” variant; 3) Typo - line 440, “...from the all the joint…” -> “...from all the joint…” 4) Typo - line 561, “while MSLR while achieves…” -> “while MSLR achieves…”	"""comments,_suggestions_and_typos"""	B	Other
391da603120daaad1020fd3745b44dbd73a4a5675a76cb3a71c92bde632d9cee39fb3b7327e09b8df4329e4c24ed44e3d20b554ba92eeddd8c0beb15cb617583	summary_of_weaknesses	It seems that the regularity-aware models don’t exploit any lexicon, but only relying on local self-attention over span representations formulated in Eq.	Summary_of_weaknesses	B	X is not clear
391da603120daaad1020fd3745b44dbd73a4a5675a76cb3a71c92bde632d9cee39fb3b7327e09b8df4329e4c24ed44e3d20b554ba92eeddd8c0beb15cb617583	summary_of_weaknesses	(6).	Summary_of_weaknesses	I	
391da603120daaad1020fd3745b44dbd73a4a5675a76cb3a71c92bde632d9cee39fb3b7327e09b8df4329e4c24ed44e3d20b554ba92eeddd8c0beb15cb617583	summary_of_weaknesses	It is not clear how this local self-attention of Eq.	Summary_of_weaknesses	I	X is not clear
391da603120daaad1020fd3745b44dbd73a4a5675a76cb3a71c92bde632d9cee39fb3b7327e09b8df4329e4c24ed44e3d20b554ba92eeddd8c0beb15cb617583	summary_of_weaknesses	(6) is related to “regularity” or “regular types” of entities.	Summary_of_weaknesses	I	X is not clear
391da603120daaad1020fd3745b44dbd73a4a5675a76cb3a71c92bde632d9cee39fb3b7327e09b8df4329e4c24ed44e3d20b554ba92eeddd8c0beb15cb617583	summary_of_weaknesses	The motivation of paper is not very tightly related to the proposed regularity-aware models, i.e. how it can be seen as an alternative model of the previous lexicon-based models?  	Summary_of_weaknesses	I	X is not clear
391da603120daaad1020fd3745b44dbd73a4a5675a76cb3a71c92bde632d9cee39fb3b7327e09b8df4329e4c24ed44e3d20b554ba92eeddd8c0beb15cb617583	summary_of_weaknesses	-During inference, regularity-aware models are only used as in Section 3.5.	Summary_of_weaknesses	B	X is not clear
391da603120daaad1020fd3745b44dbd73a4a5675a76cb3a71c92bde632d9cee39fb3b7327e09b8df4329e4c24ed44e3d20b554ba92eeddd8c0beb15cb617583	summary_of_weaknesses	Then, the regularity-agnostic models are not used during inference?	Summary_of_weaknesses	I	Not Enough info
391da603120daaad1020fd3745b44dbd73a4a5675a76cb3a71c92bde632d9cee39fb3b7327e09b8df4329e4c24ed44e3d20b554ba92eeddd8c0beb15cb617583	summary_of_weaknesses	Is this model used in only the orthogonality space restriction of Eq.	Summary_of_weaknesses	I	 X is not clear
391da603120daaad1020fd3745b44dbd73a4a5675a76cb3a71c92bde632d9cee39fb3b7327e09b8df4329e4c24ed44e3d20b554ba92eeddd8c0beb15cb617583	summary_of_weaknesses	(16)?	Summary_of_weaknesses	I	X is not clear
391da603120daaad1020fd3745b44dbd73a4a5675a76cb3a71c92bde632d9cee39fb3b7327e09b8df4329e4c24ed44e3d20b554ba92eeddd8c0beb15cb617583	summary_of_weaknesses	Detailed descriptions are provided.	Summary_of_weaknesses	B	Other
391da603120daaad1020fd3745b44dbd73a4a5675a76cb3a71c92bde632d9cee39fb3b7327e09b8df4329e4c24ed44e3d20b554ba92eeddd8c0beb15cb617583	summary_of_weaknesses	-In Table 3, it is not clear what is the difference b/w reg-aware&agnostic and RICON models.	Summary_of_weaknesses	B	Not Enough info
391da603120daaad1020fd3745b44dbd73a4a5675a76cb3a71c92bde632d9cee39fb3b7327e09b8df4329e4c24ed44e3d20b554ba92eeddd8c0beb15cb617583	summary_of_weaknesses	The models compared in the experiments need to be clearly described.	Summary_of_weaknesses	I	X is not clear
391da603120daaad1020fd3745b44dbd73a4a5675a76cb3a71c92bde632d9cee39fb3b7327e09b8df4329e4c24ed44e3d20b554ba92eeddd8c0beb15cb617583	summary_of_weaknesses	-The proposed models could be applicable to other English NER datasets, i.e. the regularity concept can be extended to other languages.	"""comments,_suggestions_and_typos"""	B	"""H10. The approach is tested only on [not English], so unclear if it will generalize to other languages"""
391da603120daaad1020fd3745b44dbd73a4a5675a76cb3a71c92bde632d9cee39fb3b7327e09b8df4329e4c24ed44e3d20b554ba92eeddd8c0beb15cb617583	summary_of_weaknesses	Otherwise, the authors need to present why the addressed issue of the proposed model appears in Chinese NER task, not in other English NER tasks, .	"""comments,_suggestions_and_typos"""	I	"""H10. The approach is tested only on [not English], so unclear if it will generalize to other languages"""
391da603120daaad1020fd3745b44dbd73a4a5675a76cb3a71c92bde632d9cee39fb3b7327e09b8df4329e4c24ed44e3d20b554ba92eeddd8c0beb15cb617583	comments,_suggestions_and_typos	(please see weaknesses)	"""comments,_suggestions_and_typos"""	O	Other
c4557d7fd800cec79317571ea48892d785f9f78c67138fd74917c9731f6c6f362066cef961337923fffb136b0ca8c703bd27e6d90ab20b135e933db0a5ad6d01	summary_of_weaknesses	Their claim is not properly supported.	Summary_of_weaknesses	B	Other
c4557d7fd800cec79317571ea48892d785f9f78c67138fd74917c9731f6c6f362066cef961337923fffb136b0ca8c703bd27e6d90ab20b135e933db0a5ad6d01	summary_of_weaknesses	In Section 1 (in line 71-84 and 121-124), the authors introduce the problem they want to solve, and they state as follows: “It effectively mitigates two types of similar problems: similar relations and similar entities by learning representations jointly optimized with contrastive loss and classification loss.”  	Summary_of_weaknesses	I	Other
c4557d7fd800cec79317571ea48892d785f9f78c67138fd74917c9731f6c6f362066cef961337923fffb136b0ca8c703bd27e6d90ab20b135e933db0a5ad6d01	summary_of_weaknesses	It is true that they show some actual examples their method solved in Appendix (Figure 6).	Summary_of_weaknesses	I	X is not clear
c4557d7fd800cec79317571ea48892d785f9f78c67138fd74917c9731f6c6f362066cef961337923fffb136b0ca8c703bd27e6d90ab20b135e933db0a5ad6d01	summary_of_weaknesses	However, there is no quantitative evidence for supporting that their proposed method solves or mitigates the problem.	Summary_of_weaknesses	I	Not Enough info
c4557d7fd800cec79317571ea48892d785f9f78c67138fd74917c9731f6c6f362066cef961337923fffb136b0ca8c703bd27e6d90ab20b135e933db0a5ad6d01	summary_of_weaknesses	Thus, readers cannot judge whether their method can mitigate the “similar relations and similar entities” problem or not.	Summary_of_weaknesses	I	Not Enough info
c4557d7fd800cec79317571ea48892d785f9f78c67138fd74917c9731f6c6f362066cef961337923fffb136b0ca8c703bd27e6d90ab20b135e933db0a5ad6d01	summary_of_weaknesses	Readers would appreciate if the authors could provide quantitative results for supporting the claim.-The authors adopt different evaluation metrics (B^3 F1, NMI, ARI) from the standard metric (F1 score) used in many existing papers on zero-shot RE, such as Chen and Li (2021) and Levy et al. (2017).	Summary_of_weaknesses	B	H15. The authors should have done [X] instead
c4557d7fd800cec79317571ea48892d785f9f78c67138fd74917c9731f6c6f362066cef961337923fffb136b0ca8c703bd27e6d90ab20b135e933db0a5ad6d01	summary_of_weaknesses	In terms of the three metrics, the state-of-the-art method, ZS-BERT, is inferior to other methods, such as Att-BiLSTM, which surprises many readers.	Summary_of_weaknesses	I	H4. This has no precedent in the existing literature
c4557d7fd800cec79317571ea48892d785f9f78c67138fd74917c9731f6c6f362066cef961337923fffb136b0ca8c703bd27e6d90ab20b135e933db0a5ad6d01	summary_of_weaknesses	Although it is okay to adopt the different metrics, many readers are likely to see the performance comparisons in terms of the standard F1 score as well as the three metrics.-The proposed method is not so new.	Summary_of_weaknesses	B	The contribution is not novel
c4557d7fd800cec79317571ea48892d785f9f78c67138fd74917c9731f6c6f362066cef961337923fffb136b0ca8c703bd27e6d90ab20b135e933db0a5ad6d01	summary_of_weaknesses	It is true that the proposed method includes a few simple extensions for relation extraction (e.g., Softmax Layer and Concat Layer), the key idea and most parts of their method are based on existing contrastive learning methods, such as SimCSE proposed by Gao et al. (2021).	Summary_of_weaknesses	I	The contribution is not novel
c4557d7fd800cec79317571ea48892d785f9f78c67138fd74917c9731f6c6f362066cef961337923fffb136b0ca8c703bd27e6d90ab20b135e933db0a5ad6d01	summary_of_weaknesses	So, readers would be happy if the authors specify which parts are their original extensions more clearly.  	Summary_of_weaknesses	I	X is not clear
c4557d7fd800cec79317571ea48892d785f9f78c67138fd74917c9731f6c6f362066cef961337923fffb136b0ca8c703bd27e6d90ab20b135e933db0a5ad6d01	summary_of_weaknesses	-Minor point: Some notations are confusing and undefined.	Summary_of_weaknesses	B	X is not clear
c4557d7fd800cec79317571ea48892d785f9f78c67138fd74917c9731f6c6f362066cef961337923fffb136b0ca8c703bd27e6d90ab20b135e933db0a5ad6d01	summary_of_weaknesses	Please see “Comments, Suggestions And Typos” in detail.	"""comments,_suggestions_and_typos"""	O	Other
c4557d7fd800cec79317571ea48892d785f9f78c67138fd74917c9731f6c6f362066cef961337923fffb136b0ca8c703bd27e6d90ab20b135e933db0a5ad6d01	comments,_suggestions_and_typos	 How about comparing your proposed method with existing ones by using the standard F1 score?-Missing references: (1) For Open Relation Extraction (in line 156), it might be better to cite the pioneering work, Bank et al.	"""comments,_suggestions_and_typos"""	B	Other
c4557d7fd800cec79317571ea48892d785f9f78c67138fd74917c9731f6c6f362066cef961337923fffb136b0ca8c703bd27e6d90ab20b135e933db0a5ad6d01	comments,_suggestions_and_typos	“Open Information Extraction from the Web” in Proc. of IJCAI2007.	"""comments,_suggestions_and_typos"""	I	Other
c4557d7fd800cec79317571ea48892d785f9f78c67138fd74917c9731f6c6f362066cef961337923fffb136b0ca8c703bd27e6d90ab20b135e933db0a5ad6d01	comments,_suggestions_and_typos	For contrastive learning in NLP, there are some existing studies.	"""comments,_suggestions_and_typos"""	I	Other
c4557d7fd800cec79317571ea48892d785f9f78c67138fd74917c9731f6c6f362066cef961337923fffb136b0ca8c703bd27e6d90ab20b135e933db0a5ad6d01	comments,_suggestions_and_typos	( 2) For sequence labeling, Wiseman and Stratos “Label-Agnostic Sequence Labeling by Copying Nearest Neighbors” in Proc. of ACL2019.	"""comments,_suggestions_and_typos"""	I	Other
c4557d7fd800cec79317571ea48892d785f9f78c67138fd74917c9731f6c6f362066cef961337923fffb136b0ca8c703bd27e6d90ab20b135e933db0a5ad6d01	comments,_suggestions_and_typos	( 3) For span classification such as NER, Ouchi et al.	"""comments,_suggestions_and_typos"""	I	Other
c4557d7fd800cec79317571ea48892d785f9f78c67138fd74917c9731f6c6f362066cef961337923fffb136b0ca8c703bd27e6d90ab20b135e933db0a5ad6d01	comments,_suggestions_and_typos	“Instance-Based Learning of Span Representations” in Proc. of ACL2020.	"""comments,_suggestions_and_typos"""	I	Other
c4557d7fd800cec79317571ea48892d785f9f78c67138fd74917c9731f6c6f362066cef961337923fffb136b0ca8c703bd27e6d90ab20b135e933db0a5ad6d01	comments,_suggestions_and_typos	"They do not call their methods ""contrastive learning,"" but their methods are a type of instance-wise contrastive learning.-Notations: (1) In line 247, the subscript $i$ (in $X_i$) is not defined."	"""comments,_suggestions_and_typos"""	I	Other
c4557d7fd800cec79317571ea48892d785f9f78c67138fd74917c9731f6c6f362066cef961337923fffb136b0ca8c703bd27e6d90ab20b135e933db0a5ad6d01	comments,_suggestions_and_typos	( 2) In Equation 1, the symbol $i$ is used for both the subscript and the superscript, such as $X^i_i$, which is a little bit confusing.	"""comments,_suggestions_and_typos"""	B	Other
c4557d7fd800cec79317571ea48892d785f9f78c67138fd74917c9731f6c6f362066cef961337923fffb136b0ca8c703bd27e6d90ab20b135e933db0a5ad6d01	comments,_suggestions_and_typos	It might be better to use different symbols.	"""comments,_suggestions_and_typos"""	I	Other
c4557d7fd800cec79317571ea48892d785f9f78c67138fd74917c9731f6c6f362066cef961337923fffb136b0ca8c703bd27e6d90ab20b135e933db0a5ad6d01	comments,_suggestions_and_typos	( 3) Also, in Equation 1, the authors assume that the first entity span is $(i, j-1)$ and the second one $(k, l-1)$. It might be better to specify the entity spans and the notations.	"""comments,_suggestions_and_typos"""	B	Other
9c8d0d535a0a49de8869b38a6175bc2a5c661af2493134c00df3b088026e061bbd4e31b3206d6cd27011eba7b9ad7ceaa0d2931b520872a12b6f4abc15df37b3	summary_of_weaknesses	In section 3, some contents are basically introducing previous work, such as PGD, which are not closely related to the proposed method.	Summary_of_weaknesses	B	Other
9c8d0d535a0a49de8869b38a6175bc2a5c661af2493134c00df3b088026e061bbd4e31b3206d6cd27011eba7b9ad7ceaa0d2931b520872a12b6f4abc15df37b3	summary_of_weaknesses	I would suggest putting these parts into related work section.	Summary_of_weaknesses	I	Other
9c8d0d535a0a49de8869b38a6175bc2a5c661af2493134c00df3b088026e061bbd4e31b3206d6cd27011eba7b9ad7ceaa0d2931b520872a12b6f4abc15df37b3	summary_of_weaknesses	Figure2 provides insightful findings on the residue properties.	Summary_of_strengthes	B	Other
9c8d0d535a0a49de8869b38a6175bc2a5c661af2493134c00df3b088026e061bbd4e31b3206d6cd27011eba7b9ad7ceaa0d2931b520872a12b6f4abc15df37b3	summary_of_weaknesses	However, they are evaluated only on one dataset.	Summary_of_weaknesses	I	Other
9c8d0d535a0a49de8869b38a6175bc2a5c661af2493134c00df3b088026e061bbd4e31b3206d6cd27011eba7b9ad7ceaa0d2931b520872a12b6f4abc15df37b3	summary_of_weaknesses	It would be great to apply it to more datasets.	Summary_of_weaknesses	I	Other
9c8d0d535a0a49de8869b38a6175bc2a5c661af2493134c00df3b088026e061bbd4e31b3206d6cd27011eba7b9ad7ceaa0d2931b520872a12b6f4abc15df37b3	comments,_suggestions_and_typos	comments,_suggestions_and_typos:Please see the suggestions and comments in the summary of weaknesses.	"""comments,_suggestions_and_typos"""	B	Other
e825a3c26bb00f83fc361f1ba4a9855a49ca997af474f34abdfe94c969eccbe694bff9837526c04191321ca6c266d33260d33287967aff28805da237a4dbb70f	summary_of_weaknesses	1	Summary_of_weaknesses	O	
e825a3c26bb00f83fc361f1ba4a9855a49ca997af474f34abdfe94c969eccbe694bff9837526c04191321ca6c266d33260d33287967aff28805da237a4dbb70f	summary_of_weaknesses	The choice of the word-alignment baseline seems odd.	Summary_of_weaknesses	B	H14.  The authors should compare to a 'closed' model X, The paper is missing recent baselines
e825a3c26bb00f83fc361f1ba4a9855a49ca997af474f34abdfe94c969eccbe694bff9837526c04191321ca6c266d33260d33287967aff28805da237a4dbb70f	summary_of_weaknesses	The abstract claims that “Word alignment has proven to benefit many-to-many neural machine translation (NMT).”	Summary_of_weaknesses	I	H14.  The authors should compare to a 'closed' model X, The paper is missing recent baselines
e825a3c26bb00f83fc361f1ba4a9855a49ca997af474f34abdfe94c969eccbe694bff9837526c04191321ca6c266d33260d33287967aff28805da237a4dbb70f	summary_of_weaknesses	which is supported by (Lin et al., 2020).	Summary_of_weaknesses	I	H14.  The authors should compare to a 'closed' model X, The paper is missing recent baselines
e825a3c26bb00f83fc361f1ba4a9855a49ca997af474f34abdfe94c969eccbe694bff9837526c04191321ca6c266d33260d33287967aff28805da237a4dbb70f	summary_of_weaknesses	However, the method proposed by Lin et al was used as baseline.	Summary_of_weaknesses	I	H14.  The authors should compare to a 'closed' model X, The paper is missing recent baselines
e825a3c26bb00f83fc361f1ba4a9855a49ca997af474f34abdfe94c969eccbe694bff9837526c04191321ca6c266d33260d33287967aff28805da237a4dbb70f	summary_of_weaknesses	Instead, the paper compared to an older baseline proposed by (Garg et al., 2019).	Summary_of_weaknesses	I	H14.  The authors should compare to a 'closed' model X, The paper is missing recent baselines
e825a3c26bb00f83fc361f1ba4a9855a49ca997af474f34abdfe94c969eccbe694bff9837526c04191321ca6c266d33260d33287967aff28805da237a4dbb70f	summary_of_weaknesses	Besides, this baseline by Garg et al (+align) seems to contradict the claim in the abstract since it always performs worse than the baseline without word-alignment (Table 2).	Summary_of_weaknesses	I	H14.  The authors should compare to a 'closed' model X, The paper is missing recent baselines
e825a3c26bb00f83fc361f1ba4a9855a49ca997af474f34abdfe94c969eccbe694bff9837526c04191321ca6c266d33260d33287967aff28805da237a4dbb70f	summary_of_weaknesses	If for some practical reason, the baseline of (Lin et al., 2020) can’t be used, it needs to be explained clearly.2.	Summary_of_weaknesses	I	H14.  The authors should compare to a 'closed' model X, The paper is missing recent baselines
e825a3c26bb00f83fc361f1ba4a9855a49ca997af474f34abdfe94c969eccbe694bff9837526c04191321ca6c266d33260d33287967aff28805da237a4dbb70f	summary_of_weaknesses	In Table 2, the proposed approaches only outperform the baselines in 1 setup (out of 3).	Summary_of_weaknesses	B	H5. The results do not surpass the latest SOTA, H1. The results are not surprising
e825a3c26bb00f83fc361f1ba4a9855a49ca997af474f34abdfe94c969eccbe694bff9837526c04191321ca6c266d33260d33287967aff28805da237a4dbb70f	summary_of_weaknesses	In addition, there is no consistent trend in the result (i.e. it’s unclear which proposed method (+w2w) or (+FA) is better).	Summary_of_weaknesses	I	H5. The results do not surpass the latest SOTA, H1. The results are not surprising
e825a3c26bb00f83fc361f1ba4a9855a49ca997af474f34abdfe94c969eccbe694bff9837526c04191321ca6c266d33260d33287967aff28805da237a4dbb70f	summary_of_weaknesses	Thus, the results presented are insufficient to prove the benefits of the proposed methods.	Summary_of_weaknesses	I	H5. The results do not surpass the latest SOTA, H1. The results are not surprising
e825a3c26bb00f83fc361f1ba4a9855a49ca997af474f34abdfe94c969eccbe694bff9837526c04191321ca6c266d33260d33287967aff28805da237a4dbb70f	summary_of_weaknesses	To better justify the claims in this paper, additional experiments or more in-depth analysis seem necessary.3.	Summary_of_weaknesses	I	Other
e825a3c26bb00f83fc361f1ba4a9855a49ca997af474f34abdfe94c969eccbe694bff9837526c04191321ca6c266d33260d33287967aff28805da237a4dbb70f	summary_of_weaknesses	If the claim that better word-alignment improves many-to-many translation is true, why does the proposed method have no impact on the MLSC setup (Table 3)?	Summary_of_weaknesses	B	H2. The results contradict what I would expect
e825a3c26bb00f83fc361f1ba4a9855a49ca997af474f34abdfe94c969eccbe694bff9837526c04191321ca6c266d33260d33287967aff28805da237a4dbb70f	summary_of_weaknesses	Section 4 touches on this point but provides no explanation.	Summary_of_weaknesses	I	X is not clear
e825a3c26bb00f83fc361f1ba4a9855a49ca997af474f34abdfe94c969eccbe694bff9837526c04191321ca6c266d33260d33287967aff28805da237a4dbb70f	comments,_suggestions_and_typos	comments,_suggestions_and_typos:1.	"""comments,_suggestions_and_typos"""	O	
e825a3c26bb00f83fc361f1ba4a9855a49ca997af474f34abdfe94c969eccbe694bff9837526c04191321ca6c266d33260d33287967aff28805da237a4dbb70f	comments,_suggestions_and_typos	Please provide more details for the sentence retrieval setup (how sentences are retrieved, from what corpus, is it the same/different to the setup in (Artetxe and Schwenk, 2019) ? )	"""comments,_suggestions_and_typos"""	B	X is not clear
e825a3c26bb00f83fc361f1ba4a9855a49ca997af474f34abdfe94c969eccbe694bff9837526c04191321ca6c266d33260d33287967aff28805da237a4dbb70f	comments,_suggestions_and_typos	.From the paper, “We found that for en-kk, numbers of extracted word pairs per sentence by word2word and FastAlign are 1.0 and 2.2, respectively.	"""comments,_suggestions_and_typos"""	B	Other
e825a3c26bb00f83fc361f1ba4a9855a49ca997af474f34abdfe94c969eccbe694bff9837526c04191321ca6c266d33260d33287967aff28805da237a4dbb70f	comments,_suggestions_and_typos	In contrast, the numbers are 4.2 and 20.7 for improved language pairs”.	"""comments,_suggestions_and_typos"""	I	Other
e825a3c26bb00f83fc361f1ba4a9855a49ca997af474f34abdfe94c969eccbe694bff9837526c04191321ca6c266d33260d33287967aff28805da237a4dbb70f	comments,_suggestions_and_typos	Is this because word2word and FastAlign fail for some language pairs or is this because there are few alignments between these language pairs?	"""comments,_suggestions_and_typos"""	I	X is not clear
e825a3c26bb00f83fc361f1ba4a9855a49ca997af474f34abdfe94c969eccbe694bff9837526c04191321ca6c266d33260d33287967aff28805da237a4dbb70f	comments,_suggestions_and_typos	Would a better aligner improve result further?2.	"""comments,_suggestions_and_typos"""	I	H13. The authors could also do [extra experiment X]
e825a3c26bb00f83fc361f1ba4a9855a49ca997af474f34abdfe94c969eccbe694bff9837526c04191321ca6c266d33260d33287967aff28805da237a4dbb70f	comments,_suggestions_and_typos	For Table 3, are the non-highlighted cells not significant or not significantly better?	"""comments,_suggestions_and_typos"""	B	X is not clear
e825a3c26bb00f83fc361f1ba4a9855a49ca997af474f34abdfe94c969eccbe694bff9837526c04191321ca6c266d33260d33287967aff28805da237a4dbb70f	comments,_suggestions_and_typos	If it’s the latter, please also highlight cells where the proposed approaches are significantly worse.	"""comments,_suggestions_and_typos"""	I	Other
e825a3c26bb00f83fc361f1ba4a9855a49ca997af474f34abdfe94c969eccbe694bff9837526c04191321ca6c266d33260d33287967aff28805da237a4dbb70f	comments,_suggestions_and_typos	For example, from Kk to En, +FA is significantly better than mBART (14.4 vs 14.1, difference of 0.3) and thus the cell is highlighted.	"""comments,_suggestions_and_typos"""	I	Other
e825a3c26bb00f83fc361f1ba4a9855a49ca997af474f34abdfe94c969eccbe694bff9837526c04191321ca6c266d33260d33287967aff28805da237a4dbb70f	comments,_suggestions_and_typos	However, from En to Kk, the difference between +FA and mBART is -0.5 (1.3 vs 1.8) but this cell is not highlighted.	"""comments,_suggestions_and_typos"""	I	Other
9e6d203686431a8745fa623af0e621d74fe467f8fcdd383f64800bfc1d87d9762bb80285971ba38f2574159122908f50527e43b31cafceb3164bd34d9c340f2b	summary_of_weaknesses	Weaknesses: -Retrieving (avg # sentences) *	Summary_of_weaknesses	B	Other
9e6d203686431a8745fa623af0e621d74fe467f8fcdd383f64800bfc1d87d9762bb80285971ba38f2574159122908f50527e43b31cafceb3164bd34d9c340f2b	summary_of_weaknesses	100 sentences (see section 3.3) instead of just 100 sentences seems to be a bit of a cheat.	Summary_of_weaknesses	I	H6. The results are negative
9e6d203686431a8745fa623af0e621d74fe467f8fcdd383f64800bfc1d87d9762bb80285971ba38f2574159122908f50527e43b31cafceb3164bd34d9c340f2b	summary_of_weaknesses	For a strict comparison to DPR, Top-20 and Top-100 performance should be reported with exactly those numbers of retrieved elements and without post-processing on larger sets of retrieved passages.	Summary_of_weaknesses	I	H15. The authors should have done [X] instead
9e6d203686431a8745fa623af0e621d74fe467f8fcdd383f64800bfc1d87d9762bb80285971ba38f2574159122908f50527e43b31cafceb3164bd34d9c340f2b	summary_of_weaknesses	One could argue that allowing for more expensive passage retrieval is what is giving the improvements in this paper, other than for SQuAD where the lower granularity does seem to be helping, except it doesn’t help as much as BM25.-The idea of having more granular representations for passage retrieval is far from new.	Summary_of_weaknesses	I	Other
9e6d203686431a8745fa623af0e621d74fe467f8fcdd383f64800bfc1d87d9762bb80285971ba38f2574159122908f50527e43b31cafceb3164bd34d9c340f2b	summary_of_weaknesses	The authors do cite DensePhrases (Lee et al. 2021), but don’t mention that it’s already at lower granularity than passage level.	Summary_of_weaknesses	B	H12. The paper is missing the [reference X]
9e6d203686431a8745fa623af0e621d74fe467f8fcdd383f64800bfc1d87d9762bb80285971ba38f2574159122908f50527e43b31cafceb3164bd34d9c340f2b	summary_of_weaknesses	They could also cite for example ColBERT (Khattab et al.	Summary_of_weaknesses	I	H12. The paper is missing the [reference X]
9e6d203686431a8745fa623af0e621d74fe467f8fcdd383f64800bfc1d87d9762bb80285971ba38f2574159122908f50527e43b31cafceb3164bd34d9c340f2b	summary_of_weaknesses	2021).-The big improvement reported in Table 2 for SQuAD “Single” is a bit confusing since it relies on a Top-20 number that is much lower that what is reported on the DPR paper (although this seems to be a common problem).	Summary_of_weaknesses	B	X is not clear
9e6d203686431a8745fa623af0e621d74fe467f8fcdd383f64800bfc1d87d9762bb80285971ba38f2574159122908f50527e43b31cafceb3164bd34d9c340f2b	summary_of_weaknesses	On the positive side, the number reported for SQuAD “Multi” matches the DPR paper.	Summary_of_strengthes	B	Other
9e6d203686431a8745fa623af0e621d74fe467f8fcdd383f64800bfc1d87d9762bb80285971ba38f2574159122908f50527e43b31cafceb3164bd34d9c340f2b	comments,_suggestions_and_typos	comments,_suggestions_and_typos:Suggestions: -Line 91: the authors claim that contrastive conflicts are *the* cause for bad performance on SQuAD, but the statement seems unjustified at that point.	Summary_of_weaknesses	B	H2. The results contradict what I would expect
9e6d203686431a8745fa623af0e621d74fe467f8fcdd383f64800bfc1d87d9762bb80285971ba38f2574159122908f50527e43b31cafceb3164bd34d9c340f2b	comments,_suggestions_and_typos	It might make sense to refer to later results in the paper.	Summary_of_weaknesses	I	X is not clear
285a29437082041cadb024b134e8cd79f06796213aa4dd587e2e65bda56506c147ca0a17d05ac549ab7a49eb908a1b98584e53a6d48563f4017585dbc54f2397	summary_of_weaknesses	The four logical flaws in dialogue systems are derived from “the observation of interactions between advanced dialogue systems and humans” (L272-273).	Summary_of_weaknesses	B	Other
285a29437082041cadb024b134e8cd79f06796213aa4dd587e2e65bda56506c147ca0a17d05ac549ab7a49eb908a1b98584e53a6d48563f4017585dbc54f2397	summary_of_weaknesses	More information about these observations is helpful.	Summary_of_weaknesses	I	H15. The authors should have done [X] instead
285a29437082041cadb024b134e8cd79f06796213aa4dd587e2e65bda56506c147ca0a17d05ac549ab7a49eb908a1b98584e53a6d48563f4017585dbc54f2397	summary_of_weaknesses	For instance, in which dialogue models these observations were made?	Summary_of_weaknesses	I	X is not clear
285a29437082041cadb024b134e8cd79f06796213aa4dd587e2e65bda56506c147ca0a17d05ac549ab7a49eb908a1b98584e53a6d48563f4017585dbc54f2397	summary_of_weaknesses	How often do they occur?	Summary_of_weaknesses	I	X is not clear
285a29437082041cadb024b134e8cd79f06796213aa4dd587e2e65bda56506c147ca0a17d05ac549ab7a49eb908a1b98584e53a6d48563f4017585dbc54f2397	summary_of_weaknesses	Are there other flaws too?	Summary_of_weaknesses	I	X is not clear
285a29437082041cadb024b134e8cd79f06796213aa4dd587e2e65bda56506c147ca0a17d05ac549ab7a49eb908a1b98584e53a6d48563f4017585dbc54f2397	summary_of_weaknesses	The last question can be important for future research.-The paper can also benefit from an error analysis.	Summary_of_weaknesses	B	H15. The authors should have done [X] instead
285a29437082041cadb024b134e8cd79f06796213aa4dd587e2e65bda56506c147ca0a17d05ac549ab7a49eb908a1b98584e53a6d48563f4017585dbc54f2397	summary_of_weaknesses	What are the circumstances that DEAM fails?	Summary_of_weaknesses	I	X is not clear
285a29437082041cadb024b134e8cd79f06796213aa4dd587e2e65bda56506c147ca0a17d05ac549ab7a49eb908a1b98584e53a6d48563f4017585dbc54f2397	summary_of_weaknesses	To what extent does failure in AMR parsing cause an issue in DEAM?-The AMR abstraction from syntax may attribute to inadvertent inconsistencies.	Summary_of_weaknesses	B	X is not clear
285a29437082041cadb024b134e8cd79f06796213aa4dd587e2e65bda56506c147ca0a17d05ac549ab7a49eb908a1b98584e53a6d48563f4017585dbc54f2397	summary_of_weaknesses	In Figure 4 top-right, I can see that the verb tense is changed from past to present.	Summary_of_weaknesses	I	Other
285a29437082041cadb024b134e8cd79f06796213aa4dd587e2e65bda56506c147ca0a17d05ac549ab7a49eb908a1b98584e53a6d48563f4017585dbc54f2397	summary_of_weaknesses	In this particular example, this may not be much of an issue, but for some cases, this can lead to unintended inconsistency.	Summary_of_weaknesses	I	X is not clear
285a29437082041cadb024b134e8cd79f06796213aa4dd587e2e65bda56506c147ca0a17d05ac549ab7a49eb908a1b98584e53a6d48563f4017585dbc54f2397	summary_of_weaknesses	For example, if the conversation is about a deceased person, past tense is presumably used frequently and only a tense change to present can make the conversation flawed.	Summary_of_weaknesses	I	Other
285a29437082041cadb024b134e8cd79f06796213aa4dd587e2e65bda56506c147ca0a17d05ac549ab7a49eb908a1b98584e53a6d48563f4017585dbc54f2397	comments,_suggestions_and_typos	L85: FED dataset -> the FED dataset -L307: AMR-to-Text model -> the AMR-to-Text model -L346:	"""comments,_suggestions_and_typos"""	B	H11. The paper has language errors
285a29437082041cadb024b134e8cd79f06796213aa4dd587e2e65bda56506c147ca0a17d05ac549ab7a49eb908a1b98584e53a6d48563f4017585dbc54f2397	comments,_suggestions_and_typos	“apparently” weakens the point.	"""comments,_suggestions_and_typos"""	I	H11. The paper has language errors
285a29437082041cadb024b134e8cd79f06796213aa4dd587e2e65bda56506c147ca0a17d05ac549ab7a49eb908a1b98584e53a6d48563f4017585dbc54f2397	comments,_suggestions_and_typos	I suggest removing it -L350	"""comments,_suggestions_and_typos"""	I	Other
285a29437082041cadb024b134e8cd79f06796213aa4dd587e2e65bda56506c147ca0a17d05ac549ab7a49eb908a1b98584e53a6d48563f4017585dbc54f2397	comments,_suggestions_and_typos	:	"""comments,_suggestions_and_typos"""	I	Other
285a29437082041cadb024b134e8cd79f06796213aa4dd587e2e65bda56506c147ca0a17d05ac549ab7a49eb908a1b98584e53a6d48563f4017585dbc54f2397	comments,_suggestions_and_typos	The sentence about question-type utterances sounds detached from the paragraph.-L407: PersonaChat dataset -> the PersonaChat dataset -L462: \citet should be used -In Figure 4 bottom-left, the first sentence should remain the same (i.e., it should start with “He was” rather than “They are”)	"""comments,_suggestions_and_typos"""	I	H11. The paper has language errors
2ebe0e0101b4cd825567f9b5e9a4fd531289a4d0b182881bcf9e513927adc55515dda30409b67079656f4bd20ade76dbccc29fa1ef4e34c4a455f604f924cc93	summary_of_weaknesses		Summary_of_weaknesses	O	Other
2ebe0e0101b4cd825567f9b5e9a4fd531289a4d0b182881bcf9e513927adc55515dda30409b67079656f4bd20ade76dbccc29fa1ef4e34c4a455f604f924cc93	summary_of_weaknesses	A critical limitation is how practical the method is given the nature of model expansion.	Summary_of_weaknesses	B	H9. The topic is too niche
2ebe0e0101b4cd825567f9b5e9a4fd531289a4d0b182881bcf9e513927adc55515dda30409b67079656f4bd20ade76dbccc29fa1ef4e34c4a455f604f924cc93	summary_of_weaknesses	This method is studied under a still relatively synthetic setup.	Summary_of_weaknesses	I	Other
2ebe0e0101b4cd825567f9b5e9a4fd531289a4d0b182881bcf9e513927adc55515dda30409b67079656f4bd20ade76dbccc29fa1ef4e34c4a455f604f924cc93	summary_of_weaknesses	There are a lot of problems that I can imagine for real-world large scale models such as GPT3.	Summary_of_weaknesses	I	Other
2ebe0e0101b4cd825567f9b5e9a4fd531289a4d0b182881bcf9e513927adc55515dda30409b67079656f4bd20ade76dbccc29fa1ef4e34c4a455f604f924cc93	summary_of_weaknesses	To mention a few: (1) How should we decide when to expand the model?	Summary_of_weaknesses	I	Other
2ebe0e0101b4cd825567f9b5e9a4fd531289a4d0b182881bcf9e513927adc55515dda30409b67079656f4bd20ade76dbccc29fa1ef4e34c4a455f604f924cc93	summary_of_weaknesses	In reality, these models are trained on O(100B) data, covering a significant portion of the whole internet.	Summary_of_weaknesses	I	Other
2ebe0e0101b4cd825567f9b5e9a4fd531289a4d0b182881bcf9e513927adc55515dda30409b67079656f4bd20ade76dbccc29fa1ef4e34c4a455f604f924cc93	summary_of_weaknesses	So when do we know a new data source emerges?	Summary_of_weaknesses	I	Other
2ebe0e0101b4cd825567f9b5e9a4fd531289a4d0b182881bcf9e513927adc55515dda30409b67079656f4bd20ade76dbccc29fa1ef4e34c4a455f604f924cc93	summary_of_weaknesses	How to detect this?	Summary_of_weaknesses	I	Other
2ebe0e0101b4cd825567f9b5e9a4fd531289a4d0b182881bcf9e513927adc55515dda30409b67079656f4bd20ade76dbccc29fa1ef4e34c4a455f604f924cc93	summary_of_weaknesses	( 2) Large scale models are trained using sharding systems of thousands of accelerators, it is a challenging technical question to expand them in a way described in this paper.	Summary_of_weaknesses	I	H7. This method is too simple
2ebe0e0101b4cd825567f9b5e9a4fd531289a4d0b182881bcf9e513927adc55515dda30409b67079656f4bd20ade76dbccc29fa1ef4e34c4a455f604f924cc93	summary_of_weaknesses	( 3) Recent works have shown it is possible to continue training language models for either language understanding [1] or additional applications such as code synthesis [2].	Summary_of_weaknesses	I	Other
2ebe0e0101b4cd825567f9b5e9a4fd531289a4d0b182881bcf9e513927adc55515dda30409b67079656f4bd20ade76dbccc29fa1ef4e34c4a455f604f924cc93	summary_of_weaknesses	Therefore, perhaps these simple approaches are sufficient enough for good generalization.[1] Finetuned Language Models Are Zero-Shot Learners.	Summary_of_weaknesses	I	Other
2ebe0e0101b4cd825567f9b5e9a4fd531289a4d0b182881bcf9e513927adc55515dda30409b67079656f4bd20ade76dbccc29fa1ef4e34c4a455f604f924cc93	summary_of_weaknesses	Wei et al., 2021.	Summary_of_weaknesses	I	Other
2ebe0e0101b4cd825567f9b5e9a4fd531289a4d0b182881bcf9e513927adc55515dda30409b67079656f4bd20ade76dbccc29fa1ef4e34c4a455f604f924cc93	summary_of_weaknesses	[2] Program Synthesis with Large Language Models.	Summary_of_weaknesses	I	Other
2ebe0e0101b4cd825567f9b5e9a4fd531289a4d0b182881bcf9e513927adc55515dda30409b67079656f4bd20ade76dbccc29fa1ef4e34c4a455f604f924cc93	summary_of_weaknesses	Austin et al., 2021.	Summary_of_weaknesses	I	Other
2ebe0e0101b4cd825567f9b5e9a4fd531289a4d0b182881bcf9e513927adc55515dda30409b67079656f4bd20ade76dbccc29fa1ef4e34c4a455f604f924cc93	comments,_suggestions_and_typos	comments,_suggestions_and_typos:How is the prompt token computed at inference time?	Summary_of_weaknesses	B	H15. The authors should have done [X] instead
2ebe0e0101b4cd825567f9b5e9a4fd531289a4d0b182881bcf9e513927adc55515dda30409b67079656f4bd20ade76dbccc29fa1ef4e34c4a455f604f924cc93	comments,_suggestions_and_typos	Is it included using nearest neighbor search or not included at all?	Summary_of_weaknesses	B	X is not clear
c7c4295209272e28b7f122a3d20ca9a82076e7dd2e30b5249a078e4e9eb909dbbaed0414877a5a98266f51c6632b0c0206c5bc9b1c69d31f3a7bf613b02d893b	summary_of_weaknesses	+	Summary_of_weaknesses	O	Other
c7c4295209272e28b7f122a3d20ca9a82076e7dd2e30b5249a078e4e9eb909dbbaed0414877a5a98266f51c6632b0c0206c5bc9b1c69d31f3a7bf613b02d893b	summary_of_weaknesses	My biggest concern with this paper is that there is a very significant transition gap between Section 3 and 4.	Summary_of_weaknesses	B	X is not clear
c7c4295209272e28b7f122a3d20ca9a82076e7dd2e30b5249a078e4e9eb909dbbaed0414877a5a98266f51c6632b0c0206c5bc9b1c69d31f3a7bf613b02d893b	summary_of_weaknesses	"Specifically, Section 3 is talking about a data generation method, while Section 4 starts with ""We evaluate our model under... ""."	Summary_of_weaknesses	I	Other
c7c4295209272e28b7f122a3d20ca9a82076e7dd2e30b5249a078e4e9eb909dbbaed0414877a5a98266f51c6632b0c0206c5bc9b1c69d31f3a7bf613b02d893b	summary_of_weaknesses	"It took a second pass through the earlier sections and some educated guess to conclude that the ""model"" is trained using adversarial data."	Summary_of_weaknesses	I	Other
c7c4295209272e28b7f122a3d20ca9a82076e7dd2e30b5249a078e4e9eb909dbbaed0414877a5a98266f51c6632b0c0206c5bc9b1c69d31f3a7bf613b02d893b	summary_of_weaknesses	+	Summary_of_weaknesses	O	Other
c7c4295209272e28b7f122a3d20ca9a82076e7dd2e30b5249a078e4e9eb909dbbaed0414877a5a98266f51c6632b0c0206c5bc9b1c69d31f3a7bf613b02d893b	summary_of_weaknesses	Related to the above point, I don't think an adequate amount of experimental details are given for future work to reproduce the results in this paper at all.	Summary_of_weaknesses	B	H6. The results are negative
c7c4295209272e28b7f122a3d20ca9a82076e7dd2e30b5249a078e4e9eb909dbbaed0414877a5a98266f51c6632b0c0206c5bc9b1c69d31f3a7bf613b02d893b	summary_of_weaknesses	For example, if I understood correctly and the models are indeed trained on the adversarial data, what are the resulting training data size for the baseline and different augmentation methods?	Summary_of_weaknesses	I	X is not clear
c7c4295209272e28b7f122a3d20ca9a82076e7dd2e30b5249a078e4e9eb909dbbaed0414877a5a98266f51c6632b0c0206c5bc9b1c69d31f3a7bf613b02d893b	summary_of_weaknesses	Are the original (non-adversarial) training data still used?	Summary_of_weaknesses	I	X is not clear
c7c4295209272e28b7f122a3d20ca9a82076e7dd2e30b5249a078e4e9eb909dbbaed0414877a5a98266f51c6632b0c0206c5bc9b1c69d31f3a7bf613b02d893b	summary_of_weaknesses	Also, for results in Table 2, what is the system that is used to conduct back-translation?	Summary_of_weaknesses	B	X is not clear
c7c4295209272e28b7f122a3d20ca9a82076e7dd2e30b5249a078e4e9eb909dbbaed0414877a5a98266f51c6632b0c0206c5bc9b1c69d31f3a7bf613b02d893b	summary_of_weaknesses	Is it the same system across different methods or not?	Summary_of_weaknesses	I	X is not clear
c7c4295209272e28b7f122a3d20ca9a82076e7dd2e30b5249a078e4e9eb909dbbaed0414877a5a98266f51c6632b0c0206c5bc9b1c69d31f3a7bf613b02d893b	summary_of_weaknesses	+	Summary_of_weaknesses	O	Other
c7c4295209272e28b7f122a3d20ca9a82076e7dd2e30b5249a078e4e9eb909dbbaed0414877a5a98266f51c6632b0c0206c5bc9b1c69d31f3a7bf613b02d893b	summary_of_weaknesses	The phrasal replacement procedure implicitly assume that the TLM to generate correct translation for the phrase so and still makes a valid translation pair.	Summary_of_weaknesses	B	Other
c7c4295209272e28b7f122a3d20ca9a82076e7dd2e30b5249a078e4e9eb909dbbaed0414877a5a98266f51c6632b0c0206c5bc9b1c69d31f3a7bf613b02d893b	summary_of_weaknesses	I hope to see some analysis on how strong is that assumption.=== UPDATE === The first and the second point has been properly addressed in the author's reply and the revision.	Summary_of_weaknesses	I	H15. The authors should have done [X] instead
c7c4295209272e28b7f122a3d20ca9a82076e7dd2e30b5249a078e4e9eb909dbbaed0414877a5a98266f51c6632b0c0206c5bc9b1c69d31f3a7bf613b02d893b	summary_of_weaknesses	As for the third point, the authors offered the case study and the improvement in robustness as a reply, which does prove part of it, but what I have in mind is something more specific like comparing the human evaluation score (as the translation of $x_{\delta}$) of (1) $y_{\delta}$; (2) $y_{\delta}'$; (3) human translation of $x_\delta$.	Summary_of_weaknesses	I	Other
c7c4295209272e28b7f122a3d20ca9a82076e7dd2e30b5249a078e4e9eb909dbbaed0414877a5a98266f51c6632b0c0206c5bc9b1c69d31f3a7bf613b02d893b	summary_of_weaknesses	Ideally, (1) and (3) should be very close while (2) should be much worse.	Summary_of_weaknesses	I	H2. The results contradict what I would expect
c7c4295209272e28b7f122a3d20ca9a82076e7dd2e30b5249a078e4e9eb909dbbaed0414877a5a98266f51c6632b0c0206c5bc9b1c69d31f3a7bf613b02d893b	summary_of_weaknesses	This is obviously too much to ask for resubmission on such a short cycle, though.	Summary_of_weaknesses	B	Other
c7c4295209272e28b7f122a3d20ca9a82076e7dd2e30b5249a078e4e9eb909dbbaed0414877a5a98266f51c6632b0c0206c5bc9b1c69d31f3a7bf613b02d893b	summary_of_weaknesses	"I do concur with the reviewer ag2n's concern that the paper ""is very parsimonious when it comes to citing previous work""."	Summary_of_weaknesses	I	Other
c7c4295209272e28b7f122a3d20ca9a82076e7dd2e30b5249a078e4e9eb909dbbaed0414877a5a98266f51c6632b0c0206c5bc9b1c69d31f3a7bf613b02d893b	summary_of_weaknesses	I don't think this is really improved in this version though.	Summary_of_weaknesses	I	H5. The results do not surpass the latest SOTA
c7c4295209272e28b7f122a3d20ca9a82076e7dd2e30b5249a078e4e9eb909dbbaed0414877a5a98266f51c6632b0c0206c5bc9b1c69d31f3a7bf613b02d893b	comments,_suggestions_and_typos	comments,_suggestions_and_typos:All my suggestions in the previous version have been addressed.	"""comments,_suggestions_and_typos"""	B	Other
c7c4295209272e28b7f122a3d20ca9a82076e7dd2e30b5249a078e4e9eb909dbbaed0414877a5a98266f51c6632b0c0206c5bc9b1c69d31f3a7bf613b02d893b	comments,_suggestions_and_typos	The only minor comment I'll make here is that the baseline in Table 3 has been updated from 35.11 to 35.02 in this version.	"""comments,_suggestions_and_typos"""	B	X is not clear
c7c4295209272e28b7f122a3d20ca9a82076e7dd2e30b5249a078e4e9eb909dbbaed0414877a5a98266f51c6632b0c0206c5bc9b1c69d31f3a7bf613b02d893b	comments,_suggestions_and_typos	I'm not sure what has led to the change.	"""comments,_suggestions_and_typos"""	I	Other
3b7eac1209e6ce55e066ab0be1435f93ca4a06df959dab44fb6fc7b6507304ae8ddc0506ff99544d651e716f68080e226e2e1eaecbca1c7d737942bc984280d1	summary_of_weaknesses	1	Summary_of_weaknesses	O	Other
3b7eac1209e6ce55e066ab0be1435f93ca4a06df959dab44fb6fc7b6507304ae8ddc0506ff99544d651e716f68080e226e2e1eaecbca1c7d737942bc984280d1	summary_of_weaknesses	In the previous rounds, the reviewer qXqD mentioned that there are no more explanations for the claim `PLASM can generalize to models that are not aligned with DistilBERT/BERT'.  	Summary_of_weaknesses	B	
3b7eac1209e6ce55e066ab0be1435f93ca4a06df959dab44fb6fc7b6507304ae8ddc0506ff99544d651e716f68080e226e2e1eaecbca1c7d737942bc984280d1	summary_of_weaknesses	The authors added experiments on XLNet, which partially solves this issue.	Summary_of_weaknesses	I	
3b7eac1209e6ce55e066ab0be1435f93ca4a06df959dab44fb6fc7b6507304ae8ddc0506ff99544d651e716f68080e226e2e1eaecbca1c7d737942bc984280d1	summary_of_weaknesses	But I expect the authors to give a deeper analysis for it.	Summary_of_weaknesses	I	H15. The authors should have done [X] instead
3b7eac1209e6ce55e066ab0be1435f93ca4a06df959dab44fb6fc7b6507304ae8ddc0506ff99544d651e716f68080e226e2e1eaecbca1c7d737942bc984280d1	summary_of_weaknesses	Also, it is better for authors to include textCNN/LSTM (1 of them is enough) for text classification, which can show whether non-pretrained models can be used under PLASM.2.	Summary_of_weaknesses	B	H14.  The authors should compare to a 'closed' model X
3b7eac1209e6ce55e066ab0be1435f93ca4a06df959dab44fb6fc7b6507304ae8ddc0506ff99544d651e716f68080e226e2e1eaecbca1c7d737942bc984280d1	summary_of_weaknesses	The authors seems to leverage some existing techniques for AL methods, thus the technical novelty is not very high.	Summary_of_weaknesses	I	The contribution is not novel
3b7eac1209e6ce55e066ab0be1435f93ca4a06df959dab44fb6fc7b6507304ae8ddc0506ff99544d651e716f68080e226e2e1eaecbca1c7d737942bc984280d1	comments,_suggestions_and_typos	What's the time complexity of Tracin operation?-It would be even better to evaluate more datasets for text classification (e.g. SST-2 or TREC-6).	Summary_of_weaknesses	B	X is not clear
3b7eac1209e6ce55e066ab0be1435f93ca4a06df959dab44fb6fc7b6507304ae8ddc0506ff99544d651e716f68080e226e2e1eaecbca1c7d737942bc984280d1	comments,_suggestions_and_typos	-In PLASM, the authors propose to use pseudo labeling to mitigate the ASM problem.	Summary_of_weaknesses	B	Other
3b7eac1209e6ce55e066ab0be1435f93ca4a06df959dab44fb6fc7b6507304ae8ddc0506ff99544d651e716f68080e226e2e1eaecbca1c7d737942bc984280d1	comments,_suggestions_and_typos	Maybe I do not understand correctly, but using pseudo-labeling for AL is not a new concept.	Summary_of_weaknesses	I	The contribution is not novel
3b7eac1209e6ce55e066ab0be1435f93ca4a06df959dab44fb6fc7b6507304ae8ddc0506ff99544d651e716f68080e226e2e1eaecbca1c7d737942bc984280d1	comments,_suggestions_and_typos	The are many works that leverage this technique for AL.	Summary_of_weaknesses	I	Other
3b7eac1209e6ce55e066ab0be1435f93ca4a06df959dab44fb6fc7b6507304ae8ddc0506ff99544d651e716f68080e226e2e1eaecbca1c7d737942bc984280d1	comments,_suggestions_and_typos	Some relevant papers includes: (1) Semi-supervised active learning for sequence labeling;	Summary_of_weaknesses	I	The paper is missing relevant references
3b7eac1209e6ce55e066ab0be1435f93ca4a06df959dab44fb6fc7b6507304ae8ddc0506ff99544d651e716f68080e226e2e1eaecbca1c7d737942bc984280d1	comments,_suggestions_and_typos	(2) Rethinking deep active learning: Using unlabeled data at model training; (3) ATM:  An Active self-training framework for label-efficient text classification.	Summary_of_weaknesses	I	The paper is missing relevant references
3b7eac1209e6ce55e066ab0be1435f93ca4a06df959dab44fb6fc7b6507304ae8ddc0506ff99544d651e716f68080e226e2e1eaecbca1c7d737942bc984280d1	comments,_suggestions_and_typos	The author could probably elaborate more on the details of pseudo-labeling.	Summary_of_weaknesses	I	H15. The authors should have done [X] instead
88777c0bf49b1d604d9cc5224a8d8f9a1fc5de75cb081eca38510ff9334129a50b4fd48fb19db47c94b3d8c11e237e723814880d4741d0ab8736dd376ebe3bd4	summary_of_weaknesses	The proposed architecture seems like a cross-modal transformer (3.2 synchronous multi-modal fusion) and a multi-layer feature aggregation (3.3 hierarchical cross-modal aggregation).	 Summary_of_weaknesses	B	Other
88777c0bf49b1d604d9cc5224a8d8f9a1fc5de75cb081eca38510ff9334129a50b4fd48fb19db47c94b3d8c11e237e723814880d4741d0ab8736dd376ebe3bd4	summary_of_weaknesses	With this standard cross-modal architecture, it is unclear to me why the proposed approach could resolve the example in Fig. 1, while the other approaches failed to achieve.	Summary_of_weaknesses	I	H5. The results do not surpass the latest SOTA
88777c0bf49b1d604d9cc5224a8d8f9a1fc5de75cb081eca38510ff9334129a50b4fd48fb19db47c94b3d8c11e237e723814880d4741d0ab8736dd376ebe3bd4	summary_of_weaknesses	Sect. 3.3 puzzled me the most.	Summary_of_weaknesses	B	"""H8. The paper doesn't use [my preferred methodology], e.g., deep learning"", The paper is missing relevant references"
88777c0bf49b1d604d9cc5224a8d8f9a1fc5de75cb081eca38510ff9334129a50b4fd48fb19db47c94b3d8c11e237e723814880d4741d0ab8736dd376ebe3bd4	summary_of_weaknesses	It is unclear to me why the affinity weights should be defined as Eq.2?	Summary_of_weaknesses	I	"""H8. The paper doesn't use [my preferred methodology], e.g., deep learning"""
88777c0bf49b1d604d9cc5224a8d8f9a1fc5de75cb081eca38510ff9334129a50b4fd48fb19db47c94b3d8c11e237e723814880d4741d0ab8736dd376ebe3bd4	summary_of_weaknesses	Why is the Convolution necessary?	Summary_of_weaknesses	B	"""H8. The paper doesn't use [my preferred methodology], e.g., deep learning"""
88777c0bf49b1d604d9cc5224a8d8f9a1fc5de75cb081eca38510ff9334129a50b4fd48fb19db47c94b3d8c11e237e723814880d4741d0ab8736dd376ebe3bd4	summary_of_weaknesses	What is the motivation of choosing the specific form of hierarchical cross-modal exchange?	Summary_of_weaknesses	I	H1. The results are not surprising
88777c0bf49b1d604d9cc5224a8d8f9a1fc5de75cb081eca38510ff9334129a50b4fd48fb19db47c94b3d8c11e237e723814880d4741d0ab8736dd376ebe3bd4	summary_of_weaknesses	I feel the major issue of this paper is the motivation example is not closely connected to the proposed approach.	Summary_of_weaknesses	B	H4. This has no precedent in the existing literature
88777c0bf49b1d604d9cc5224a8d8f9a1fc5de75cb081eca38510ff9334129a50b4fd48fb19db47c94b3d8c11e237e723814880d4741d0ab8736dd376ebe3bd4	summary_of_weaknesses	Therefore, it is not clear to me why the proposed approach could solve the motivation example.	Summary_of_weaknesses	I	H4. This has no precedent in the existing literature
88777c0bf49b1d604d9cc5224a8d8f9a1fc5de75cb081eca38510ff9334129a50b4fd48fb19db47c94b3d8c11e237e723814880d4741d0ab8736dd376ebe3bd4	comments,_suggestions_and_typos	comments,_suggestions_and_typos	"""comments,_suggestions_and_typos"""	O	Other
4f118c58e5b9ca15b7b7b078a5cb7f2397314576c713f691f35d1a6d686d07633c44e12e6231452d261b7376b28cb91b132d1a11431087ec637124e30a33aa0d	summary_of_weaknesses	1	Summary_of_weaknesses	O	"""H8. The paper doesn't use [my preferred methodology], e.g., deep learning"", ""H10. The approach is tested only on [not English], so unclear if it will generalize to other languages"", H4. This has no precedent in the existing literature"
4f118c58e5b9ca15b7b7b078a5cb7f2397314576c713f691f35d1a6d686d07633c44e12e6231452d261b7376b28cb91b132d1a11431087ec637124e30a33aa0d	summary_of_weaknesses	Being an empirical evaluation paper, I am not sure whether the numbers reported are after a single run or multiple runs.	Summary_of_weaknesses	B	H9. The topic is too niche
4f118c58e5b9ca15b7b7b078a5cb7f2397314576c713f691f35d1a6d686d07633c44e12e6231452d261b7376b28cb91b132d1a11431087ec637124e30a33aa0d	summary_of_weaknesses	If only a single run is considered, it is highly advised for the authors to report numbers along with standard deviations after multiple runs.2.	Summary_of_weaknesses	B	"""H8. The paper doesn't use [my preferred methodology], e.g., deep learning"""
4f118c58e5b9ca15b7b7b078a5cb7f2397314576c713f691f35d1a6d686d07633c44e12e6231452d261b7376b28cb91b132d1a11431087ec637124e30a33aa0d	summary_of_weaknesses	Similarly, it is also unclear whether the hyperparameters for each GROUP-Robust algorithm are adequately tuned.3.	Summary_of_weaknesses	I	"""H8. The paper doesn't use [my preferred methodology], e.g., deep learning"""
4f118c58e5b9ca15b7b7b078a5cb7f2397314576c713f691f35d1a6d686d07633c44e12e6231452d261b7376b28cb91b132d1a11431087ec637124e30a33aa0d	summary_of_weaknesses	The authors highlighted the problems of existing approaches like GROUP-DRO when naively applied to the multi-label classification scenario.	Summary_of_weaknesses	I	H9. The topic is too niche, H13. The authors could also do [extra experiment X]
4f118c58e5b9ca15b7b7b078a5cb7f2397314576c713f691f35d1a6d686d07633c44e12e6231452d261b7376b28cb91b132d1a11431087ec637124e30a33aa0d	summary_of_weaknesses	However, It is not very helpful to compare with such naive adaptions, in my opinion.	Summary_of_weaknesses	I	H13. The authors could also do [extra experiment X]
4f118c58e5b9ca15b7b7b078a5cb7f2397314576c713f691f35d1a6d686d07633c44e12e6231452d261b7376b28cb91b132d1a11431087ec637124e30a33aa0d	summary_of_weaknesses	For example, one can intelligently adapt the GROUP-DRO algorithm to multi-label classification by considering multiple weights(one for each label) for each group instead of a single weight and adapting the weights based on the corresponding label binary cross-entropy loss.	Summary_of_weaknesses	I	H13. The authors could also do [extra experiment X]
4f118c58e5b9ca15b7b7b078a5cb7f2397314576c713f691f35d1a6d686d07633c44e12e6231452d261b7376b28cb91b132d1a11431087ec637124e30a33aa0d	summary_of_weaknesses	By assigning multiple weights, we can still assign higher weightage to minority classes rather than considering the average losses in the group.4.	Summary_of_weaknesses	I	H13. The authors could also do [extra experiment X]
4f118c58e5b9ca15b7b7b078a5cb7f2397314576c713f691f35d1a6d686d07633c44e12e6231452d261b7376b28cb91b132d1a11431087ec637124e30a33aa0d	summary_of_weaknesses	It would be valuable to the paper if authors discuss possible intelligent adaptations of existing group-robust algorithms to multi-label classification scenarios rather than just stating the problems of naive adaptations.	Summary_of_weaknesses	B	H13. The authors could also do [extra experiment X]
4f118c58e5b9ca15b7b7b078a5cb7f2397314576c713f691f35d1a6d686d07633c44e12e6231452d261b7376b28cb91b132d1a11431087ec637124e30a33aa0d	comments,_suggestions_and_typos	comments,_suggestions_and_typos:See above	"""comments,_suggestions_and_typos"""	O	X is not clear, Other
6c07a9f149685b50eff254d1c679a1aa0196343cbb9650d6ec626e7b688a8d2752f8630e6373a16306ee0fac4febbada4ef83e8fe841735e6685ffa89f76e497	summary_of_weaknesses	Not a lot to say here as I think the researchers have done a thorough job.	Summary_of_weaknesses	B	"H9. The topic is too niche, ""H8. The paper doesn't use [my preferred methodology], e.g., deep learning"", H4. This has no precedent in the existing literature"
6c07a9f149685b50eff254d1c679a1aa0196343cbb9650d6ec626e7b688a8d2752f8630e6373a16306ee0fac4febbada4ef83e8fe841735e6685ffa89f76e497	summary_of_weaknesses	1	Summary_of_weaknesses	O	"""H8. The paper doesn't use [my preferred methodology], e.g., deep learning"""
6c07a9f149685b50eff254d1c679a1aa0196343cbb9650d6ec626e7b688a8d2752f8630e6373a16306ee0fac4febbada4ef83e8fe841735e6685ffa89f76e497	summary_of_weaknesses	Personally, I’m somewhat skeptical that identifying tokens which are significant in aggregate across a corpus is a promising method to predict how a complex model will behave when these tokens are in a specific context (this is also pointed out by the authors as a limitation in their conclusions).	Summary_of_weaknesses	B	H15. The authors should have done [X] instead
6c07a9f149685b50eff254d1c679a1aa0196343cbb9650d6ec626e7b688a8d2752f8630e6373a16306ee0fac4febbada4ef83e8fe841735e6685ffa89f76e497	summary_of_weaknesses	In that sense, the impact of this research would be greater if the benefits shown when generalizing to new domains were higher (table 5).	Summary_of_weaknesses	I	"""H8. The paper doesn't use [my preferred methodology], e.g., deep learning"""
6c07a9f149685b50eff254d1c679a1aa0196343cbb9650d6ec626e7b688a8d2752f8630e6373a16306ee0fac4febbada4ef83e8fe841735e6685ffa89f76e497	summary_of_weaknesses	As is, the method seems like a non-trivial amount of work, to yield models which may be slightly more robust – a tradeoff which may suit some but not all.  	Summary_of_weaknesses	B	"""H8. The paper doesn't use [my preferred methodology], e.g., deep learning"""
6c07a9f149685b50eff254d1c679a1aa0196343cbb9650d6ec626e7b688a8d2752f8630e6373a16306ee0fac4febbada4ef83e8fe841735e6685ffa89f76e497	summary_of_weaknesses	2	Summary_of_weaknesses	O	H13. The authors could also do [extra experiment X]
6c07a9f149685b50eff254d1c679a1aa0196343cbb9650d6ec626e7b688a8d2752f8630e6373a16306ee0fac4febbada4ef83e8fe841735e6685ffa89f76e497	summary_of_weaknesses	I did not see an indication that code and data will be released for this paper and I would encourage the authors to add these.	Summary_of_weaknesses	B	H15. The authors should have done [X] instead
6c07a9f149685b50eff254d1c679a1aa0196343cbb9650d6ec626e7b688a8d2752f8630e6373a16306ee0fac4febbada4ef83e8fe841735e6685ffa89f76e497	summary_of_weaknesses	This is not only important to allow easy reproduction of the results, but also to allow readers to easily apply the method to their models, etc.	Summary_of_weaknesses	I	H15. The authors should have done [X] instead
6c07a9f149685b50eff254d1c679a1aa0196343cbb9650d6ec626e7b688a8d2752f8630e6373a16306ee0fac4febbada4ef83e8fe841735e6685ffa89f76e497	summary_of_weaknesses	Still, I think this is a very good paper and I don’t see any significant methodological issues.	Summary_of_weaknesses	I	H15. The authors should have done [X] instead
6c07a9f149685b50eff254d1c679a1aa0196343cbb9650d6ec626e7b688a8d2752f8630e6373a16306ee0fac4febbada4ef83e8fe841735e6685ffa89f76e497	comments,_suggestions_and_typos	comments,_suggestions_and_typos:NA	"""comments,_suggestions_and_typos"""	O	
b67ee4516fdd7c3b219740437ccc009696b0239e6c1d6e4a5721ad938af2a2861ac1da6036fb68c62b494c121efdc14e3c8e95891ffe5b01198ccec56f65facd	summary_of_weaknesses	Although I am leaning towards accepting the paper, I still doubt the contribution of the picker for the generator.	Summary_of_weaknesses	B	H1. The results are not surprising
b67ee4516fdd7c3b219740437ccc009696b0239e6c1d6e4a5721ad938af2a2861ac1da6036fb68c62b494c121efdc14e3c8e95891ffe5b01198ccec56f65facd	summary_of_weaknesses	This picker only affects the generator if the T5 encoding representation is altered accordingly.	Summary_of_weaknesses	I	H9. The topic is too niche
b67ee4516fdd7c3b219740437ccc009696b0239e6c1d6e4a5721ad938af2a2861ac1da6036fb68c62b494c121efdc14e3c8e95891ffe5b01198ccec56f65facd	summary_of_weaknesses	I think the connection between the picker and the generator is somewhat weak.	Summary_of_weaknesses	B	"""H8. The paper doesn't use [my preferred methodology], e.g., deep learning"""
b67ee4516fdd7c3b219740437ccc009696b0239e6c1d6e4a5721ad938af2a2861ac1da6036fb68c62b494c121efdc14e3c8e95891ffe5b01198ccec56f65facd	summary_of_weaknesses	Meanwhile, the proposed `soft` labeling method seems useless, compared with the straightforward `hard` labeling.	Summary_of_weaknesses	I	"""H8. The paper doesn't use [my preferred methodology], e.g., deep learning"""
b67ee4516fdd7c3b219740437ccc009696b0239e6c1d6e4a5721ad938af2a2861ac1da6036fb68c62b494c121efdc14e3c8e95891ffe5b01198ccec56f65facd	summary_of_weaknesses	Considering the `hard` labeling method seems to just pick overlapped words between the incomplete utterances and the rewritten utterances, the nolvety of the proposed method seems smaller.	Summary_of_weaknesses	I	H7. This method is too simple
b67ee4516fdd7c3b219740437ccc009696b0239e6c1d6e4a5721ad938af2a2861ac1da6036fb68c62b494c121efdc14e3c8e95891ffe5b01198ccec56f65facd	summary_of_weaknesses	Besides the above, the contribution part (line 99-111) is not well structured.	Summary_of_weaknesses	I	H13. The authors could also do [extra experiment X]
b67ee4516fdd7c3b219740437ccc009696b0239e6c1d6e4a5721ad938af2a2861ac1da6036fb68c62b494c121efdc14e3c8e95891ffe5b01198ccec56f65facd	summary_of_weaknesses	I would recommend to add experimental contributions to the third point.	Summary_of_weaknesses	I	H13. The authors could also do [extra experiment X]
b67ee4516fdd7c3b219740437ccc009696b0239e6c1d6e4a5721ad938af2a2861ac1da6036fb68c62b494c121efdc14e3c8e95891ffe5b01198ccec56f65facd	comments,_suggestions_and_typos	comments,_suggestions_and_typos:There are several minor typos that should be fixed in the revision: -line 080: incorrect use of quotation marks and repeated quotation marks.-line 151: why the length of R is not equal to the one of U?-line 164: sing -> single -line 177: copes -> copies -line 195: `the` entire input -line 205: `the` next section -line 292: you could use \softmax to represent the symbol -line 310: you should use \dot between \alpha and L_picker -line 318: Table 1 should be at the top of this page -line 325: UIR -> IUR -line 329: what does it mean for `the joint model and the generator`?	Summary_of_weaknesses	B	H13. The authors could also do [extra experiment X]
b67ee4516fdd7c3b219740437ccc009696b0239e6c1d6e4a5721ad938af2a2861ac1da6036fb68c62b494c121efdc14e3c8e95891ffe5b01198ccec56f65facd	comments,_suggestions_and_typos	I think the generator should be part of the joint model?-line 364: incorrect use of quotation marks -Table 3: redundant `RUN-BERT` -Table 6: remove bold style on the number `39.2` since it is not the best one	"""comments,_suggestions_and_typos"""	I	
e446205668a3693734879adf570761b4430fec423bb0696e772f21d237781bb9882cedc47e5172eec7d9f11b2699391177e92d0badacd5e2713d816871fcdc3d	summary_of_weaknesses	Result in Table 1 are substantially lower than SOTA results, casting doubt on usefulness of this approach.-Approach appears to be very incremental to T5, leading to questions about novelty.-A clearer ablation studying comparing the seven potential combinations of the three differences to T5 is missing.-The array of GLM models evaluated (e.g., GLM_{Doc}, GLM_{Sent}, GLM_{410M}, etc.) were not well motivated and did not add much to the presentation.	Summary_of_weaknesses	B	H1. The results are not surprising
e446205668a3693734879adf570761b4430fec423bb0696e772f21d237781bb9882cedc47e5172eec7d9f11b2699391177e92d0badacd5e2713d816871fcdc3d	comments,_suggestions_and_typos	comments,_suggestions_and_typos:I generally liked the paper, but I am not sure that the results (as presented) make a compelling argument to add another model to the transformer-based “pantheon of models.”  	"""comments,_suggestions_and_typos"""	B	H13. The authors could also do [extra experiment X]
e446205668a3693734879adf570761b4430fec423bb0696e772f21d237781bb9882cedc47e5172eec7d9f11b2699391177e92d0badacd5e2713d816871fcdc3d	comments,_suggestions_and_typos	It would be great to see how larger GLM models compare to SOTA results, given that hardware resources do not appear to be a constraint.	"""comments,_suggestions_and_typos"""	I	"""H8. The paper doesn't use [my preferred methodology], e.g., deep learning"""
e446205668a3693734879adf570761b4430fec423bb0696e772f21d237781bb9882cedc47e5172eec7d9f11b2699391177e92d0badacd5e2713d816871fcdc3d	comments,_suggestions_and_typos	Typo: Should “BRET” in line 65 be “BERT”?	"""comments,_suggestions_and_typos"""	I	H11. The paper has language errors
b6a36ede033d3b89745124150ad5a8837225962c2fe74be65707e75472c5061810f3ce4c771001df53c5109e661207c14952ade0fd5520fb55f9dcba19695fa3	summary_of_weaknesses	This approach is compute-intensive as it requires pretraining of the GAA model on the same dataset as the QA model needs to be trained on.	Summary_of_weaknesses	B	
b6a36ede033d3b89745124150ad5a8837225962c2fe74be65707e75472c5061810f3ce4c771001df53c5109e661207c14952ade0fd5520fb55f9dcba19695fa3	summary_of_weaknesses	It assumes that the resultant GAA model is performant enough to provide meaningful prompts to annotators.	Summary_of_weaknesses	I	H13. The authors could also do [extra experiment X]
b6a36ede033d3b89745124150ad5a8837225962c2fe74be65707e75472c5061810f3ce4c771001df53c5109e661207c14952ade0fd5520fb55f9dcba19695fa3	summary_of_weaknesses	If this assumption doesn't hold true, then it can result in larger annotation times, thus bringing into question the speedup claim of the proposed approach.-From table 3, it looks like using GAA with adversarial data collection hurts out-of-domain generalization, as seen by the dip in performance on MRQA dataset.-This approach has been tested only on the SQuAD dataset for all experimental settings, and just additionally MRQA for evaluation.	Summary_of_weaknesses	I	
b6a36ede033d3b89745124150ad5a8837225962c2fe74be65707e75472c5061810f3ce4c771001df53c5109e661207c14952ade0fd5520fb55f9dcba19695fa3	summary_of_weaknesses	While it is understandable that all these experimental settings require lot of time and human effort to conduct, the fact that this has been tested only on one dataset raises concerns about generalizability of this framework.	Summary_of_weaknesses	I	H9. The topic is too niche
b6a36ede033d3b89745124150ad5a8837225962c2fe74be65707e75472c5061810f3ce4c771001df53c5109e661207c14952ade0fd5520fb55f9dcba19695fa3	summary_of_weaknesses	Especially when use of GAAs seems to hurt performance on the out of domain dataset MRQA for adversarial data collection.	Summary_of_weaknesses	I	
b6a36ede033d3b89745124150ad5a8837225962c2fe74be65707e75472c5061810f3ce4c771001df53c5109e661207c14952ade0fd5520fb55f9dcba19695fa3	summary_of_weaknesses	So in situations where adversarial data collection cost doesn't matter as much as quality of resultant QA model, using GAAs won't work.-While some mild correlations emerge between sampling strategy and downstream performance, overall it seems like the best experimental setting in terms of a trade-off between annotation speed, efficiency and downstream performance depends highly on the downstream task at hand.	Summary_of_weaknesses	I	H15. The authors should have done [X] instead
b6a36ede033d3b89745124150ad5a8837225962c2fe74be65707e75472c5061810f3ce4c771001df53c5109e661207c14952ade0fd5520fb55f9dcba19695fa3	summary_of_weaknesses	Practically, its not feasible to try out all these experimental settings for data annotation for QA datasets for industrial/real-world applications.	Summary_of_weaknesses	I	H13. The authors could also do [extra experiment X]
b6a36ede033d3b89745124150ad5a8837225962c2fe74be65707e75472c5061810f3ce4c771001df53c5109e661207c14952ade0fd5520fb55f9dcba19695fa3	comments,_suggestions_and_typos	 In the setting where annotators were provided with both the question and answer prompts, doesn't this limit the example diversity?	Summary_of_strengthes	B	
b6a36ede033d3b89745124150ad5a8837225962c2fe74be65707e75472c5061810f3ce4c771001df53c5109e661207c14952ade0fd5520fb55f9dcba19695fa3	comments,_suggestions_and_typos	This is referring to the drawbacks of generative models mentioned in the introduction section.	Summary_of_strengthes	I	
b6a36ede033d3b89745124150ad5a8837225962c2fe74be65707e75472c5061810f3ce4c771001df53c5109e661207c14952ade0fd5520fb55f9dcba19695fa3	comments,_suggestions_and_typos	I think maybe more data is needed to answer this.	Summary_of_strengthes	I	H13. The authors could also do [extra experiment X]
b6a36ede033d3b89745124150ad5a8837225962c2fe74be65707e75472c5061810f3ce4c771001df53c5109e661207c14952ade0fd5520fb55f9dcba19695fa3	comments,_suggestions_and_typos	If we have some metrics showing how many times users accepted the suggestions by GAA, and if we see the most of the GAA suggestions were accepted, then it means that it is the GAA that is generating data points for the most part, with minimal human intervention.-In table 4, there is a spike in model performance in terms of annotation efficiency for likelihood sampling strategy in the Adversarial QA dataset.	"""comments,_suggestions_and_typos"""	I	H13. The authors could also do [extra experiment X]
b6a36ede033d3b89745124150ad5a8837225962c2fe74be65707e75472c5061810f3ce4c771001df53c5109e661207c14952ade0fd5520fb55f9dcba19695fa3	comments,_suggestions_and_typos	Such a trend was not seen for question prompts only setting, for both standard and adversarial data collection processes.	"""comments,_suggestions_and_typos"""	B	
b6a36ede033d3b89745124150ad5a8837225962c2fe74be65707e75472c5061810f3ce4c771001df53c5109e661207c14952ade0fd5520fb55f9dcba19695fa3	comments,_suggestions_and_typos	Can you please provide a reason/explanation for this observation?	"""comments,_suggestions_and_typos"""	B	
1a1441fa71ad9772bdc2b4c22d41fdd4452bf65db5ec8e128f8ab61e729581eb885cf17578175e44cdb6dfbf3f48037f6dd246a23535cec1373878cfe26905d3	summary_of_weaknesses	Additional details regarding the creation of the dataset would be helpful to solve some doubts regarding its robustness.	Summary_of_weaknesses	B	
1a1441fa71ad9772bdc2b4c22d41fdd4452bf65db5ec8e128f8ab61e729581eb885cf17578175e44cdb6dfbf3f48037f6dd246a23535cec1373878cfe26905d3	summary_of_weaknesses	It is not stated whether the dataset will be publicly released.	Summary_of_weaknesses	I	
1a1441fa71ad9772bdc2b4c22d41fdd4452bf65db5ec8e128f8ab61e729581eb885cf17578175e44cdb6dfbf3f48037f6dd246a23535cec1373878cfe26905d3	comments,_suggestions_and_typos	comments,_suggestions_and_typos:1)	"""comments,_suggestions_and_typos"""	O	H13. The authors could also do [extra experiment X]
1a1441fa71ad9772bdc2b4c22d41fdd4452bf65db5ec8e128f8ab61e729581eb885cf17578175e44cdb6dfbf3f48037f6dd246a23535cec1373878cfe26905d3	comments,_suggestions_and_typos	"Additional reference regarding explainable NLP Datasets: ""Detecting and explaining unfairness in consumer contracts through memory networks"" (Ruggeri et al 2021) 2) Some aspects of the creation of the dataset are unclear and the authors must address them.  "	Summary_of_weaknesses	B	
1a1441fa71ad9772bdc2b4c22d41fdd4452bf65db5ec8e128f8ab61e729581eb885cf17578175e44cdb6dfbf3f48037f6dd246a23535cec1373878cfe26905d3	comments,_suggestions_and_typos	First of all, will the author release the dataset or will it remain private?	"""comments,_suggestions_and_typos"""	B	
1a1441fa71ad9772bdc2b4c22d41fdd4452bf65db5ec8e128f8ab61e729581eb885cf17578175e44cdb6dfbf3f48037f6dd246a23535cec1373878cfe26905d3	comments,_suggestions_and_typos	Are the guidelines used to train the annotators publicly available?	Summary_of_weaknesses	B	H7. This method is too simple
1a1441fa71ad9772bdc2b4c22d41fdd4452bf65db5ec8e128f8ab61e729581eb885cf17578175e44cdb6dfbf3f48037f6dd246a23535cec1373878cfe26905d3	comments,_suggestions_and_typos	Having a single person responsible for the check at the end of the first round may introduce biases.	Summary_of_weaknesses	I	H13. The authors could also do [extra experiment X]
1a1441fa71ad9772bdc2b4c22d41fdd4452bf65db5ec8e128f8ab61e729581eb885cf17578175e44cdb6dfbf3f48037f6dd246a23535cec1373878cfe26905d3	comments,_suggestions_and_typos	A better practice would be to have more than one checker for each problem, at least on a subset of the corpus, to measure the agreement between them and, in case of need, adjust the guidelines.	Summary_of_weaknesses	I	
1a1441fa71ad9772bdc2b4c22d41fdd4452bf65db5ec8e128f8ab61e729581eb885cf17578175e44cdb6dfbf3f48037f6dd246a23535cec1373878cfe26905d3	comments,_suggestions_and_typos	It is not clear how many problems are examined during the second round and the agreement between the authors is not reported.	Summary_of_weaknesses	I	
1a1441fa71ad9772bdc2b4c22d41fdd4452bf65db5ec8e128f8ab61e729581eb885cf17578175e44cdb6dfbf3f48037f6dd246a23535cec1373878cfe26905d3	comments,_suggestions_and_typos	"It is not clear what is meant by ""accuracy"" during the annotation stages.3) Additional metrics that may be used to evaluate text generation: METEOR (http://dx.doi.org/10.3115/v1/W14-3348), SIM(ile) (http://dx.doi.org/10.18653/v1/P19-1427).4) Why have the authors decided to use the colon symbol rather than a more original and less common symbol?"	"""comments,_suggestions_and_typos"""	B	H7. This method is too simple
1a1441fa71ad9772bdc2b4c22d41fdd4452bf65db5ec8e128f8ab61e729581eb885cf17578175e44cdb6dfbf3f48037f6dd246a23535cec1373878cfe26905d3	comments,_suggestions_and_typos	Since the colon has usually a different meaning in natural language, do they think it may have an impact?5) How much are these problems language-dependent?	Summary_of_weaknesses	I	H13. The authors could also do [extra experiment X]
1a1441fa71ad9772bdc2b4c22d41fdd4452bf65db5ec8e128f8ab61e729581eb885cf17578175e44cdb6dfbf3f48037f6dd246a23535cec1373878cfe26905d3	comments,_suggestions_and_typos	Meaning, if these problems were perfectly translated into another language, would they remain valid?	"""comments,_suggestions_and_typos"""	I	
1a1441fa71ad9772bdc2b4c22d41fdd4452bf65db5ec8e128f8ab61e729581eb885cf17578175e44cdb6dfbf3f48037f6dd246a23535cec1373878cfe26905d3	comments,_suggestions_and_typos	What about the R4 category?	Summary_of_weaknesses	I	"""H8. The paper doesn't use [my preferred methodology], e.g., deep learning"""
1a1441fa71ad9772bdc2b4c22d41fdd4452bf65db5ec8e128f8ab61e729581eb885cf17578175e44cdb6dfbf3f48037f6dd246a23535cec1373878cfe26905d3	comments,_suggestions_and_typos	Additional comments about these aspects would be beneficial for future works, cross-lingual transfers, and multi-lingual settings.6)	"""comments,_suggestions_and_typos"""	B	H13. The authors could also do [extra experiment X]
1a1441fa71ad9772bdc2b4c22d41fdd4452bf65db5ec8e128f8ab61e729581eb885cf17578175e44cdb6dfbf3f48037f6dd246a23535cec1373878cfe26905d3	comments,_suggestions_and_typos	In Table 3, it is not clear whether the line with +epsilon refers to the human performance when the gold explanation is available or to the roberta performance when the golden explanation is available?	Summary_of_weaknesses	I	
1a1441fa71ad9772bdc2b4c22d41fdd4452bf65db5ec8e128f8ab61e729581eb885cf17578175e44cdb6dfbf3f48037f6dd246a23535cec1373878cfe26905d3	comments,_suggestions_and_typos	In any case, both of these two settings would be interesting to know, so I suggest, if it is possible, to include them in the comparison if it is possible.7) The explanation that must be generated for the query, the correct answer, and the incorrect answers could be slightly different.	"""comments,_suggestions_and_typos"""	I	H7. This method is too simple
1a1441fa71ad9772bdc2b4c22d41fdd4452bf65db5ec8e128f8ab61e729581eb885cf17578175e44cdb6dfbf3f48037f6dd246a23535cec1373878cfe26905d3	comments,_suggestions_and_typos	Indeed, if I am not making a mistake, the explanation for the incorrect answer must highlight the differences w.r.t.	Summary_of_weaknesses	I	H9. The topic is too niche
1a1441fa71ad9772bdc2b4c22d41fdd4452bf65db5ec8e128f8ab61e729581eb885cf17578175e44cdb6dfbf3f48037f6dd246a23535cec1373878cfe26905d3	comments,_suggestions_and_typos	the query, while the explanation for the answer must highlight the similarity.	Summary_of_weaknesses	B	"""H8. The paper doesn't use [my preferred methodology], e.g., deep learning"""
1a1441fa71ad9772bdc2b4c22d41fdd4452bf65db5ec8e128f8ab61e729581eb885cf17578175e44cdb6dfbf3f48037f6dd246a23535cec1373878cfe26905d3	comments,_suggestions_and_typos	It would be interesting to analyze these three categories separately and see whether if there are differences in the models' performances.	"""comments,_suggestions_and_typos"""	I	H14.  The authors should compare to a 'closed' model X
13463214bdb2a5d489b6bf9ce458d678d6b0ad71d6fecd10d2f898e22055ebcafe3c5273aa713e1e44deb0e15c36589405ab034e8626785e11781562018916b7	summary_of_weaknesses	1	Summary_of_weaknesses	O	X is not clear
13463214bdb2a5d489b6bf9ce458d678d6b0ad71d6fecd10d2f898e22055ebcafe3c5273aa713e1e44deb0e15c36589405ab034e8626785e11781562018916b7	summary_of_weaknesses	L003 mentioned the proposed framework is a self-supervised learning framework.	Summary_of_weaknesses	I	X is not clear
13463214bdb2a5d489b6bf9ce458d678d6b0ad71d6fecd10d2f898e22055ebcafe3c5273aa713e1e44deb0e15c36589405ab034e8626785e11781562018916b7	summary_of_weaknesses	IIUC, the model still needs cross-modal (x-modal) alignment to train.	Summary_of_weaknesses	I	The algorithm's interaction with dataset is problematic
13463214bdb2a5d489b6bf9ce458d678d6b0ad71d6fecd10d2f898e22055ebcafe3c5273aa713e1e44deb0e15c36589405ab034e8626785e11781562018916b7	summary_of_weaknesses	Why is the proposed framework a self-supervised learning framework?		I	
13463214bdb2a5d489b6bf9ce458d678d6b0ad71d6fecd10d2f898e22055ebcafe3c5273aa713e1e44deb0e15c36589405ab034e8626785e11781562018916b7	summary_of_weaknesses	2	Summary_of_weaknesses	O	H5. The results do not surpass the latest SOTA
13463214bdb2a5d489b6bf9ce458d678d6b0ad71d6fecd10d2f898e22055ebcafe3c5273aa713e1e44deb0e15c36589405ab034e8626785e11781562018916b7	summary_of_weaknesses	It is unclear to me how the gradient back-prop in the equation of L165?	Summary_of_weaknesses	B	H13. The authors could also do [extra experiment X]
13463214bdb2a5d489b6bf9ce458d678d6b0ad71d6fecd10d2f898e22055ebcafe3c5273aa713e1e44deb0e15c36589405ab034e8626785e11781562018916b7	summary_of_weaknesses	3. Cross-modal code matching: The key of the proposed approach is the x-modal code matching.	Summary_of_weaknesses	I	H1. The results are not surprising
13463214bdb2a5d489b6bf9ce458d678d6b0ad71d6fecd10d2f898e22055ebcafe3c5273aa713e1e44deb0e15c36589405ab034e8626785e11781562018916b7	summary_of_weaknesses	It seems the codebook should be large enough to cover all semantic information in the dataset.	Summary_of_weaknesses	B	H5. The results do not surpass the latest SOTA
13463214bdb2a5d489b6bf9ce458d678d6b0ad71d6fecd10d2f898e22055ebcafe3c5273aa713e1e44deb0e15c36589405ab034e8626785e11781562018916b7	summary_of_weaknesses	I wonder how to determine the codebook space?	Summary_of_strengthes	I	
13463214bdb2a5d489b6bf9ce458d678d6b0ad71d6fecd10d2f898e22055ebcafe3c5273aa713e1e44deb0e15c36589405ab034e8626785e11781562018916b7	summary_of_weaknesses	Would the initalization of the codebook affect the performance?	Summary_of_weaknesses	B	H1. The results are not surprising
13463214bdb2a5d489b6bf9ce458d678d6b0ad71d6fecd10d2f898e22055ebcafe3c5273aa713e1e44deb0e15c36589405ab034e8626785e11781562018916b7	summary_of_weaknesses	What is the performance under different codebook size?	Summary_of_weaknesses	I	H1. The results are not surprising
13463214bdb2a5d489b6bf9ce458d678d6b0ad71d6fecd10d2f898e22055ebcafe3c5273aa713e1e44deb0e15c36589405ab034e8626785e11781562018916b7	summary_of_weaknesses	4. The proposed approach achieves higher performance than the baseline.	Summary_of_weaknesses	I	H4. This has no precedent in the existing literature
13463214bdb2a5d489b6bf9ce458d678d6b0ad71d6fecd10d2f898e22055ebcafe3c5273aa713e1e44deb0e15c36589405ab034e8626785e11781562018916b7	summary_of_weaknesses	I wonder is it due to the additional codebook or the increased model capacity?	Summary_of_weaknesses	B	
13463214bdb2a5d489b6bf9ce458d678d6b0ad71d6fecd10d2f898e22055ebcafe3c5273aa713e1e44deb0e15c36589405ab034e8626785e11781562018916b7	summary_of_weaknesses	5	Summary_of_weaknesses	O	The algorithm's interaction with dataset is problematic
13463214bdb2a5d489b6bf9ce458d678d6b0ad71d6fecd10d2f898e22055ebcafe3c5273aa713e1e44deb0e15c36589405ab034e8626785e11781562018916b7	summary_of_weaknesses	The interpretation part is a little bit confusing.	Summary_of_weaknesses	B	H5. The results do not surpass the latest SOTA
13463214bdb2a5d489b6bf9ce458d678d6b0ad71d6fecd10d2f898e22055ebcafe3c5273aa713e1e44deb0e15c36589405ab034e8626785e11781562018916b7	summary_of_weaknesses	Fig.3 clearly shows the codebook is aligned with the action.	Summary_of_weaknesses	I	H5. The results do not surpass the latest SOTA
13463214bdb2a5d489b6bf9ce458d678d6b0ad71d6fecd10d2f898e22055ebcafe3c5273aa713e1e44deb0e15c36589405ab034e8626785e11781562018916b7	summary_of_weaknesses	However, even with Fig. 3, it is still hard to interpret the output embedding of f^A_{code}.	Summary_of_weaknesses	I	H5. The results do not surpass the latest SOTA
13463214bdb2a5d489b6bf9ce458d678d6b0ad71d6fecd10d2f898e22055ebcafe3c5273aa713e1e44deb0e15c36589405ab034e8626785e11781562018916b7	summary_of_weaknesses	Imagine that given an embedding and a codebook, I wonder how to interpret the embedding?	Summary_of_weaknesses	I	H5. The results do not surpass the latest SOTA
13463214bdb2a5d489b6bf9ce458d678d6b0ad71d6fecd10d2f898e22055ebcafe3c5273aa713e1e44deb0e15c36589405ab034e8626785e11781562018916b7	comments,_suggestions_and_typos	comments,_suggestions_and_typos:I think this paper is well-written and easy to follow.	Summary_of_strengthes	B	Other
a75fe8225e1495d10c6b0b67f215d6a1ead152562b618ff3a3d88edf30d6787d573de95ac80f310f454a6f15b48e592194e8ee181cfb10214ebfa912db9d71a8	summary_of_weaknesses	Some minor considerations: 1.	Summary_of_weaknesses	I	"""H8. The paper doesn't use [my preferred methodology], e.g., deep learning"""
a75fe8225e1495d10c6b0b67f215d6a1ead152562b618ff3a3d88edf30d6787d573de95ac80f310f454a6f15b48e592194e8ee181cfb10214ebfa912db9d71a8	summary_of_weaknesses	It would be informative to users if authors reported sensitivity of their experiments to hyper-parameters, along with standard deviations on their numbers.2.	Summary_of_weaknesses	I	H4. This has no precedent in the existing literature
a75fe8225e1495d10c6b0b67f215d6a1ead152562b618ff3a3d88edf30d6787d573de95ac80f310f454a6f15b48e592194e8ee181cfb10214ebfa912db9d71a8	summary_of_weaknesses	The presented error analyses are anecdotal, and might not be reflective of the overall behavior of the system.	Summary_of_weaknesses	I	"""H8. The paper doesn't use [my preferred methodology], e.g., deep learning"""
a75fe8225e1495d10c6b0b67f215d6a1ead152562b618ff3a3d88edf30d6787d573de95ac80f310f454a6f15b48e592194e8ee181cfb10214ebfa912db9d71a8	summary_of_weaknesses	It would strengthen this paper if authors further explored systematic biases in their datasets and models (e.g. how does accuracy/F1 vary by district?)	Summary_of_weaknesses	I	"""H8. The paper doesn't use [my preferred methodology], e.g., deep learning"""
a75fe8225e1495d10c6b0b67f215d6a1ead152562b618ff3a3d88edf30d6787d573de95ac80f310f454a6f15b48e592194e8ee181cfb10214ebfa912db9d71a8	comments,_suggestions_and_typos	comments,_suggestions_and_typos:Footnote marks should come after punctuation.	"""comments,_suggestions_and_typos"""	B	"""H10. The approach is tested only on [not English], so unclear if it will generalize to other languages"""
7a456c6d312f4dca783971a3efaaf16890274949592fba0914fe9b93740cb89feb6cf60b75b77eebeefae6a32b0999f90337a560756b490ecb3177640701b71e	summary_of_weaknesses	1	"""comments,_suggestions_and_typos"""	O	"""H10. The approach is tested only on [not English], so unclear if it will generalize to other languages"""
7a456c6d312f4dca783971a3efaaf16890274949592fba0914fe9b93740cb89feb6cf60b75b77eebeefae6a32b0999f90337a560756b490ecb3177640701b71e	summary_of_weaknesses	While it is fair to say that two annotators might have different answers to the same question and both might be correct, it would be better to verify that the answers provided are all valid.	Summary_of_weaknesses	B	H15. The authors should have done [X] instead
7a456c6d312f4dca783971a3efaaf16890274949592fba0914fe9b93740cb89feb6cf60b75b77eebeefae6a32b0999f90337a560756b490ecb3177640701b71e	summary_of_weaknesses	The authors manually validate a small subset of the dataset but, for a high quality dataset, it would be better to validate all of it.	Summary_of_weaknesses	I	
7a456c6d312f4dca783971a3efaaf16890274949592fba0914fe9b93740cb89feb6cf60b75b77eebeefae6a32b0999f90337a560756b490ecb3177640701b71e	summary_of_weaknesses	2		O	
7a456c6d312f4dca783971a3efaaf16890274949592fba0914fe9b93740cb89feb6cf60b75b77eebeefae6a32b0999f90337a560756b490ecb3177640701b71e	summary_of_weaknesses	The paper should include automatic metrics for the generation task.	Summary_of_weaknesses	B	H13. The authors could also do [extra experiment X]
7a456c6d312f4dca783971a3efaaf16890274949592fba0914fe9b93740cb89feb6cf60b75b77eebeefae6a32b0999f90337a560756b490ecb3177640701b71e	summary_of_weaknesses	While the metrics have their own problems, it would be a good way to compare systems without expensive human evaluation.	Summary_of_weaknesses	I	H13. The authors could also do [extra experiment X]
7a456c6d312f4dca783971a3efaaf16890274949592fba0914fe9b93740cb89feb6cf60b75b77eebeefae6a32b0999f90337a560756b490ecb3177640701b71e	comments,_suggestions_and_typos	comments,_suggestions_and_typos:1.	"""comments,_suggestions_and_typos"""	O	"""H10. The approach is tested only on [not English], so unclear if it will generalize to other languages"", H11. The paper has language errors"
7a456c6d312f4dca783971a3efaaf16890274949592fba0914fe9b93740cb89feb6cf60b75b77eebeefae6a32b0999f90337a560756b490ecb3177640701b71e	comments,_suggestions_and_typos	It would be good if you expand on the importance of the order of wh-words used for question generation.	"""comments,_suggestions_and_typos"""	B	"""H8. The paper doesn't use [my preferred methodology], e.g., deep learning"""
7a456c6d312f4dca783971a3efaaf16890274949592fba0914fe9b93740cb89feb6cf60b75b77eebeefae6a32b0999f90337a560756b490ecb3177640701b71e	comments,_suggestions_and_typos	2. Line 112: Consider the ‘second’ example actually refers to the first example in Figure 1.	"""comments,_suggestions_and_typos"""	I	H1. The results are not surprising
7a456c6d312f4dca783971a3efaaf16890274949592fba0914fe9b93740cb89feb6cf60b75b77eebeefae6a32b0999f90337a560756b490ecb3177640701b71e	comments,_suggestions_and_typos	3	"""comments,_suggestions_and_typos"""	O	H9. The topic is too niche
7a456c6d312f4dca783971a3efaaf16890274949592fba0914fe9b93740cb89feb6cf60b75b77eebeefae6a32b0999f90337a560756b490ecb3177640701b71e	comments,_suggestions_and_typos	I agree with the authors about the framing of the classification task, that it isn’t a realistic one.	"""comments,_suggestions_and_typos"""	B	The paper is missing recent baselines
7a456c6d312f4dca783971a3efaaf16890274949592fba0914fe9b93740cb89feb6cf60b75b77eebeefae6a32b0999f90337a560756b490ecb3177640701b71e	comments,_suggestions_and_typos	Maybe the paper would be better without it.	"""comments,_suggestions_and_typos"""	I	Other
47dbc2749fe9fa29ee3bb3bfdd0dcb422b51aafe338492d1c9bb42f7b645f3474541651ae1464f22c0ddba7608d8420e5efd279b1133792ddb838f3610caa13e	summary_of_weaknesses	1	Summary_of_weaknesses	O	
47dbc2749fe9fa29ee3bb3bfdd0dcb422b51aafe338492d1c9bb42f7b645f3474541651ae1464f22c0ddba7608d8420e5efd279b1133792ddb838f3610caa13e	summary_of_weaknesses	This paper lacks a discussion on its novelty, e.g., why continuous latent variables are better than discrete latent variables for solving the one-to-many mapping problem.	Summary_of_weaknesses	B	H2. The results contradict what I would expect
47dbc2749fe9fa29ee3bb3bfdd0dcb422b51aafe338492d1c9bb42f7b645f3474541651ae1464f22c0ddba7608d8420e5efd279b1133792ddb838f3610caa13e	summary_of_weaknesses	Though empirically the proposed DialogVED performs better than PLATO, DialogVED incorporates more other techniques (e.g. n-stream self-attention, memory scheme, masked language modeling, free bits) than PLATO.	Summary_of_weaknesses	I	H6. The results are negative, H7. This method is too simple
47dbc2749fe9fa29ee3bb3bfdd0dcb422b51aafe338492d1c9bb42f7b645f3474541651ae1464f22c0ddba7608d8420e5efd279b1133792ddb838f3610caa13e	summary_of_weaknesses	It is not very clear to me why we should choose those techniques to train a continuous variational encoder-decoder.	Summary_of_weaknesses	B	The contribution is not novel
47dbc2749fe9fa29ee3bb3bfdd0dcb422b51aafe338492d1c9bb42f7b645f3474541651ae1464f22c0ddba7608d8420e5efd279b1133792ddb838f3610caa13e	summary_of_weaknesses	Maybe some ablation studies on the training objective and model architecture can help explain it.	Summary_of_weaknesses	I	The contribution is not novel
47dbc2749fe9fa29ee3bb3bfdd0dcb422b51aafe338492d1c9bb42f7b645f3474541651ae1464f22c0ddba7608d8420e5efd279b1133792ddb838f3610caa13e	summary_of_weaknesses	2	Summary_of_weaknesses	O	
47dbc2749fe9fa29ee3bb3bfdd0dcb422b51aafe338492d1c9bb42f7b645f3474541651ae1464f22c0ddba7608d8420e5efd279b1133792ddb838f3610caa13e	summary_of_weaknesses	The model evaluation does not show the model's superiority in solving the one-to-many mapping problem in open-domain dialogue response generation.	Summary_of_weaknesses	B	H7. This method is too simple
47dbc2749fe9fa29ee3bb3bfdd0dcb422b51aafe338492d1c9bb42f7b645f3474541651ae1464f22c0ddba7608d8420e5efd279b1133792ddb838f3610caa13e	summary_of_weaknesses	Distinct-1/2 are corpus-level metrics and are not showing the diversity of generated responses given the same context.	Summary_of_weaknesses	I	H5. The results do not surpass the latest SOTA
47dbc2749fe9fa29ee3bb3bfdd0dcb422b51aafe338492d1c9bb42f7b645f3474541651ae1464f22c0ddba7608d8420e5efd279b1133792ddb838f3610caa13e	summary_of_weaknesses	To verify their claim, the authors may consider using self-bleu and the ratio of unique generated sentences to better evaluate the diversity.	Summary_of_weaknesses	I	H5. The results do not surpass the latest SOTA
47dbc2749fe9fa29ee3bb3bfdd0dcb422b51aafe338492d1c9bb42f7b645f3474541651ae1464f22c0ddba7608d8420e5efd279b1133792ddb838f3610caa13e	comments,_suggestions_and_typos	comments,_suggestions_and_typos:1.	"""comments,_suggestions_and_typos"""	O	The paper is missing recent baselines
47dbc2749fe9fa29ee3bb3bfdd0dcb422b51aafe338492d1c9bb42f7b645f3474541651ae1464f22c0ddba7608d8420e5efd279b1133792ddb838f3610caa13e	comments,_suggestions_and_typos	It is unclear to me what's the input to the prior network.	"""comments,_suggestions_and_typos"""	B	H15. The authors should have done [X] instead
47dbc2749fe9fa29ee3bb3bfdd0dcb422b51aafe338492d1c9bb42f7b645f3474541651ae1464f22c0ddba7608d8420e5efd279b1133792ddb838f3610caa13e	comments,_suggestions_and_typos	Fig 1 suggests the [CLS] token is at the end of the context, but line234 says the [CLS] token is at the beginning of the context.	"""comments,_suggestions_and_typos"""	I	Other
35e63b52a0eb103f6a0e86da93823cbf907d8a5eb612237094ad0e2092b7d991589e28b6b7def36fc4e325241f47de44b9b5ddf29d854d7a6dd5163e0fc677ab	summary_of_weaknesses	The main problem of the paper in my opinion is related to the data Augmentation: I have not been able to understand exactly which are the data augmentation methods used, and their impact on the scores (line 461-470 were quite obscure to me) and how this affects the comparison with other methods.	Summary_of_weaknesses	B	"""H8. The paper doesn't use [my preferred methodology], e.g., deep learning"""
35e63b52a0eb103f6a0e86da93823cbf907d8a5eb612237094ad0e2092b7d991589e28b6b7def36fc4e325241f47de44b9b5ddf29d854d7a6dd5163e0fc677ab	summary_of_weaknesses	In other words, the higher scores obtained with respect to other works cited in Table 1 are due to the contrastive learning method or to the different data augmentation methods?	Summary_of_weaknesses	I	The contribution is not novel
35e63b52a0eb103f6a0e86da93823cbf907d8a5eb612237094ad0e2092b7d991589e28b6b7def36fc4e325241f47de44b9b5ddf29d854d7a6dd5163e0fc677ab	summary_of_weaknesses	The comparison with some of the reported works is already not fair due to the different data condition (the usage of external speech data).	Summary_of_weaknesses	I	H6. The results are negative
35e63b52a0eb103f6a0e86da93823cbf907d8a5eb612237094ad0e2092b7d991589e28b6b7def36fc4e325241f47de44b9b5ddf29d854d7a6dd5163e0fc677ab	summary_of_weaknesses	It would have been better to compare with the other architectures/works repeating their experiments with the same data conditions (including data augmentation methods).The reproducibility of this work would not be easy, since the code is not open sources and some details of the experimental settings are not very clear:  - line 184-186: the 2 convolutions are said to have stride 4, and that in total they shrink the input by a factor of 4.	Summary_of_weaknesses	I	H5. The results do not surpass the latest SOTA
35e63b52a0eb103f6a0e86da93823cbf907d8a5eb612237094ad0e2092b7d991589e28b6b7def36fc4e325241f47de44b9b5ddf29d854d7a6dd5163e0fc677ab	summary_of_weaknesses	The two claims are contrasting.	Summary_of_weaknesses	B	"""H10. The approach is tested only on [not English], so unclear if it will generalize to other languages"", H2. The results contradict what I would expect"
35e63b52a0eb103f6a0e86da93823cbf907d8a5eb612237094ad0e2092b7d991589e28b6b7def36fc4e325241f47de44b9b5ddf29d854d7a6dd5163e0fc677ab	summary_of_weaknesses	I guess the 2 convolutions actually have stride 2. 4 is the kernel size maybe?  - line 236-251: the same letters (u and v) are used for different things and v is sometimes treated as a variable, sometimes as a function.	Summary_of_weaknesses	I	H1. The results are not surprising
35e63b52a0eb103f6a0e86da93823cbf907d8a5eb612237094ad0e2092b7d991589e28b6b7def36fc4e325241f47de44b9b5ddf29d854d7a6dd5163e0fc677ab	summary_of_weaknesses	This section could be more clear with a simpler notation.	Summary_of_weaknesses	I	The algorithm's interaction with dataset is problematic
35e63b52a0eb103f6a0e86da93823cbf907d8a5eb612237094ad0e2092b7d991589e28b6b7def36fc4e325241f47de44b9b5ddf29d854d7a6dd5163e0fc677ab	summary_of_weaknesses	- line 342-344: Why using 10k as vocabulary size?	Summary_of_weaknesses	B	"""H8. The paper doesn't use [my preferred methodology], e.g., deep learning"""
35e63b52a0eb103f6a0e86da93823cbf907d8a5eb612237094ad0e2092b7d991589e28b6b7def36fc4e325241f47de44b9b5ddf29d854d7a6dd5163e0fc677ab	summary_of_weaknesses	Most of the works in literature (and also cited in table 1) use 8k (eg.	Summary_of_weaknesses	I	H4. This has no precedent in the existing literature
35e63b52a0eb103f6a0e86da93823cbf907d8a5eb612237094ad0e2092b7d991589e28b6b7def36fc4e325241f47de44b9b5ddf29d854d7a6dd5163e0fc677ab	summary_of_weaknesses	Wang et al. 2020a), as also suggested in https://aclanthology.org/2020.amta-research.13/. In addition, it is not clear to me on which data the vocabulary was built: on MuST-C or on the WMT corpus?	Summary_of_weaknesses	B	"""H10. The approach is tested only on [not English], so unclear if it will generalize to other languages"""
35e63b52a0eb103f6a0e86da93823cbf907d8a5eb612237094ad0e2092b7d991589e28b6b7def36fc4e325241f47de44b9b5ddf29d854d7a6dd5163e0fc677ab	comments,_suggestions_and_typos	comments,_suggestions_and_typos:Why did you introduce a parallelism between neural networks and the human brain in the introduction?	"""comments,_suggestions_and_typos"""	B	Other
35e63b52a0eb103f6a0e86da93823cbf907d8a5eb612237094ad0e2092b7d991589e28b6b7def36fc4e325241f47de44b9b5ddf29d854d7a6dd5163e0fc677ab	comments,_suggestions_and_typos	This parallelism is questionable, as there are contrasting feelings and opinions about it.	"""comments,_suggestions_and_typos"""	I	Other
35e63b52a0eb103f6a0e86da93823cbf907d8a5eb612237094ad0e2092b7d991589e28b6b7def36fc4e325241f47de44b9b5ddf29d854d7a6dd5163e0fc677ab	comments,_suggestions_and_typos	I am not sure it is adding anything to the motivation of the work, but it may rise concerns.	"""comments,_suggestions_and_typos"""	I	H11. The paper has language errors
35e63b52a0eb103f6a0e86da93823cbf907d8a5eb612237094ad0e2092b7d991589e28b6b7def36fc4e325241f47de44b9b5ddf29d854d7a6dd5163e0fc677ab	comments,_suggestions_and_typos	In the related works, among the many multi-task frameworks the addition of the CTC loss is not cited.	"""comments,_suggestions_and_typos"""	B	H11. The paper has language errors
35e63b52a0eb103f6a0e86da93823cbf907d8a5eb612237094ad0e2092b7d991589e28b6b7def36fc4e325241f47de44b9b5ddf29d854d7a6dd5163e0fc677ab	comments,_suggestions_and_typos	In lines 370-374, the paper claims that MT performance is not affected, but there is no evidence of it in the paper: the MT results are missing.	"""comments,_suggestions_and_typos"""	I	H1. The results are not surprising
35e63b52a0eb103f6a0e86da93823cbf907d8a5eb612237094ad0e2092b7d991589e28b6b7def36fc4e325241f47de44b9b5ddf29d854d7a6dd5163e0fc677ab	comments,_suggestions_and_typos	In the caption of table 2, what does strong mean?	"""comments,_suggestions_and_typos"""	I	X is not clear
35e63b52a0eb103f6a0e86da93823cbf907d8a5eb612237094ad0e2092b7d991589e28b6b7def36fc4e325241f47de44b9b5ddf29d854d7a6dd5163e0fc677ab	comments,_suggestions_and_typos	There are stronger cascade systems (e.g. you cited Bentivogli et al., 2020, whose cascade scores 28.8).In line 152 the citation format is not correct.	"""comments,_suggestions_and_typos"""	I	The formulation of X is wrong, H16. Limitations != weaknesses, The algorithm's interaction with dataset is problematic
35e63b52a0eb103f6a0e86da93823cbf907d8a5eb612237094ad0e2092b7d991589e28b6b7def36fc4e325241f47de44b9b5ddf29d854d7a6dd5163e0fc677ab	comments,_suggestions_and_typos	"In line 162, ""in"" -> ""into""."	Summary_of_weaknesses	B	The algorithm's interaction with dataset is problematic
35e63b52a0eb103f6a0e86da93823cbf907d8a5eb612237094ad0e2092b7d991589e28b6b7def36fc4e325241f47de44b9b5ddf29d854d7a6dd5163e0fc677ab	comments,_suggestions_and_typos	"In line 172, ""fout"" -> ""four"" In line 264 I guess a part of the sentence is missing: how is the contrastive loss computed?"	"""comments,_suggestions_and_typos"""	I	H16. Limitations != weaknesses
f1abac0ef76ed91589c3a1ce76153e5bd94833c99dd538eb43552dc3607cabb25c2bc5666e2b80f0dc26622420ebbe456b7de4aca1808b6d3f36d7c7f71579b4	summary_of_weaknesses	Experiments need further improvements.	Summary_of_weaknesses	B	H16. Limitations != weaknesses
f1abac0ef76ed91589c3a1ce76153e5bd94833c99dd538eb43552dc3607cabb25c2bc5666e2b80f0dc26622420ebbe456b7de4aca1808b6d3f36d7c7f71579b4	summary_of_weaknesses	StableMoE converges faster than other MoE methods, but the total compute budgets are not revealed and remain unclear.	Summary_of_weaknesses	B	H16. Limitations != weaknesses
f1abac0ef76ed91589c3a1ce76153e5bd94833c99dd538eb43552dc3607cabb25c2bc5666e2b80f0dc26622420ebbe456b7de4aca1808b6d3f36d7c7f71579b4	summary_of_weaknesses	The inference speed comparisons are also missing.-	Summary_of_weaknesses	B	The algorithm's interaction with dataset is problematic
f1abac0ef76ed91589c3a1ce76153e5bd94833c99dd538eb43552dc3607cabb25c2bc5666e2b80f0dc26622420ebbe456b7de4aca1808b6d3f36d7c7f71579b4	summary_of_weaknesses	The overall contribution of StableMoE is strong, but the contribution of the balance loss is marginal.	Summary_of_weaknesses	I	"""H8. The paper doesn't use [my preferred methodology], e.g., deep learning"""
f1abac0ef76ed91589c3a1ce76153e5bd94833c99dd538eb43552dc3607cabb25c2bc5666e2b80f0dc26622420ebbe456b7de4aca1808b6d3f36d7c7f71579b4	summary_of_weaknesses	Comparison (either empirical results or theoretical justifications) to existing load-balancing methods are missing.	Summary_of_weaknesses	B	The algorithm's interaction with dataset is problematic
f1abac0ef76ed91589c3a1ce76153e5bd94833c99dd538eb43552dc3607cabb25c2bc5666e2b80f0dc26622420ebbe456b7de4aca1808b6d3f36d7c7f71579b4	comments,_suggestions_and_typos	Does the routing fluctuation problem exist in common MoE models or just the one compared (BASE Layer)?	"Summary_of_weaknesses, ""comments,_suggestions_and_typos"""	I	"""H8. The paper doesn't use [my preferred methodology], e.g., deep learning"", H11. The paper has language errors"
f1abac0ef76ed91589c3a1ce76153e5bd94833c99dd538eb43552dc3607cabb25c2bc5666e2b80f0dc26622420ebbe456b7de4aca1808b6d3f36d7c7f71579b4	comments,_suggestions_and_typos	The experiment baselines include Hash Layer and Switch Transformer, but the paper only reports the token-to-expert assignment changes for the BASE Layer model.   	"Summary_of_weaknesses, ""comments,_suggestions_and_typos"""	B	The algorithm's interaction with dataset is problematic, H14.  The authors should compare to a 'closed' model X
f1abac0ef76ed91589c3a1ce76153e5bd94833c99dd538eb43552dc3607cabb25c2bc5666e2b80f0dc26622420ebbe456b7de4aca1808b6d3f36d7c7f71579b4	comments,_suggestions_and_typos	- How is the balance loss different from the one in Switch Transformer?	"Summary_of_weaknesses, ""comments,_suggestions_and_typos"""	B	The algorithm's interaction with dataset is problematic, H15. The authors should have done [X] instead
f1abac0ef76ed91589c3a1ce76153e5bd94833c99dd538eb43552dc3607cabb25c2bc5666e2b80f0dc26622420ebbe456b7de4aca1808b6d3f36d7c7f71579b4	comments,_suggestions_and_typos	The two losses are both encouraging the model to assign the tokens to experts in a more balanced way.	"""comments,_suggestions_and_typos"""	I	H5. The results do not surpass the latest SOTA
f1abac0ef76ed91589c3a1ce76153e5bd94833c99dd538eb43552dc3607cabb25c2bc5666e2b80f0dc26622420ebbe456b7de4aca1808b6d3f36d7c7f71579b4	comments,_suggestions_and_typos	-	"Summary_of_weaknesses, ""comments,_suggestions_and_typos"""	O	
f1abac0ef76ed91589c3a1ce76153e5bd94833c99dd538eb43552dc3607cabb25c2bc5666e2b80f0dc26622420ebbe456b7de4aca1808b6d3f36d7c7f71579b4	comments,_suggestions_and_typos	The main results compare the training FLOPS, how about the total compute budget/costs for convergence?	"""comments,_suggestions_and_typos"""	B	H5. The results do not surpass the latest SOTA
f1abac0ef76ed91589c3a1ce76153e5bd94833c99dd538eb43552dc3607cabb25c2bc5666e2b80f0dc26622420ebbe456b7de4aca1808b6d3f36d7c7f71579b4	comments,_suggestions_and_typos	"And also the inference speed is unclear.- For ""still uses original assignment scores as input, so the gate signal can also be learned in training stage 2"" (line 215 to 216), the routing strategy is fixed, so how the gate single could be also learned during stage 2?"	"""comments,_suggestions_and_typos"""	I	H2. The results contradict what I would expect
78d7b31f3d19cf16bcc71aa109ca56b923d9082a2919fd8008060641daf4d5ae37d70daea5bb36f4aa83c9c49ad8b44e597aa41960348f3a0abe0abb529f9aea	summary_of_weaknesses	1	Summary_of_weaknesses	O	
78d7b31f3d19cf16bcc71aa109ca56b923d9082a2919fd8008060641daf4d5ae37d70daea5bb36f4aa83c9c49ad8b44e597aa41960348f3a0abe0abb529f9aea	summary_of_weaknesses	Since this paper is proposing a knowledge prompting method, the only real comparison is with self-talk method, however in table 3, only CSQA results are reported (because self-talk templates are only available for CSQA).  	Summary_of_weaknesses	B	"""H8. The paper doesn't use [my preferred methodology], e.g., deep learning"""
78d7b31f3d19cf16bcc71aa109ca56b923d9082a2919fd8008060641daf4d5ae37d70daea5bb36f4aa83c9c49ad8b44e597aa41960348f3a0abe0abb529f9aea	summary_of_weaknesses	Thus advantage over other knowledge prompting methods is less well supported.	Summary_of_weaknesses	I	H2. The results contradict what I would expect
78d7b31f3d19cf16bcc71aa109ca56b923d9082a2919fd8008060641daf4d5ae37d70daea5bb36f4aa83c9c49ad8b44e597aa41960348f3a0abe0abb529f9aea	summary_of_weaknesses	Also, I think the results of self-talk+UnifiedQA should be included.	Summary_of_weaknesses	I	"""H10. The approach is tested only on [not English], so unclear if it will generalize to other languages"""
78d7b31f3d19cf16bcc71aa109ca56b923d9082a2919fd8008060641daf4d5ae37d70daea5bb36f4aa83c9c49ad8b44e597aa41960348f3a0abe0abb529f9aea	summary_of_weaknesses	2	Summary_of_weaknesses	O	
78d7b31f3d19cf16bcc71aa109ca56b923d9082a2919fd8008060641daf4d5ae37d70daea5bb36f4aa83c9c49ad8b44e597aa41960348f3a0abe0abb529f9aea	summary_of_weaknesses	Intuitively, I’m not surprised that GPT3 can produce helpful knowledge for these tasks, however it’s unclear whether the proposed method would still be effective when using a smaller LM (as the knowledge source)?	Summary_of_weaknesses	B	Other
78d7b31f3d19cf16bcc71aa109ca56b923d9082a2919fd8008060641daf4d5ae37d70daea5bb36f4aa83c9c49ad8b44e597aa41960348f3a0abe0abb529f9aea	comments,_suggestions_and_typos	comments,_suggestions_and_typos:It would be great to address the weaknesses above.	"Summary_of_weaknesses, ""comments,_suggestions_and_typos"""	O	H16. Limitations != weaknesses
3b7e4e5e155965fabb0a002aeb7cb72994c68fdc5f346ee465665f339960a7ddbe0e84a2960fb185e83f8f7f11b1b592dad5fa19eb498fa0485060d8084c601c	summary_of_weaknesses	+	Summary_of_weaknesses	O	
3b7e4e5e155965fabb0a002aeb7cb72994c68fdc5f346ee465665f339960a7ddbe0e84a2960fb185e83f8f7f11b1b592dad5fa19eb498fa0485060d8084c601c	summary_of_weaknesses	They did not show the detailed method (of distillation training procedure) in the paper.	Summary_of_weaknesses	B	"""H8. The paper doesn't use [my preferred methodology], e.g., deep learning"""
3b7e4e5e155965fabb0a002aeb7cb72994c68fdc5f346ee465665f339960a7ddbe0e84a2960fb185e83f8f7f11b1b592dad5fa19eb498fa0485060d8084c601c	summary_of_weaknesses	They should include them in main text not in appendix.	Summary_of_weaknesses	I	"""H8. The paper doesn't use [my preferred methodology], e.g., deep learning"""
3b7e4e5e155965fabb0a002aeb7cb72994c68fdc5f346ee465665f339960a7ddbe0e84a2960fb185e83f8f7f11b1b592dad5fa19eb498fa0485060d8084c601c	summary_of_weaknesses	+	Summary_of_weaknesses	O	
3b7e4e5e155965fabb0a002aeb7cb72994c68fdc5f346ee465665f339960a7ddbe0e84a2960fb185e83f8f7f11b1b592dad5fa19eb498fa0485060d8084c601c	summary_of_weaknesses	They should explain why the proposed model can deal with a causal abstraction.	Summary_of_weaknesses	B	The algorithm's interaction with dataset is problematic
3b7e4e5e155965fabb0a002aeb7cb72994c68fdc5f346ee465665f339960a7ddbe0e84a2960fb185e83f8f7f11b1b592dad5fa19eb498fa0485060d8084c601c	summary_of_weaknesses	At least they should show some samples and analyze them.	Summary_of_weaknesses	I	"""H10. The approach is tested only on [not English], so unclear if it will generalize to other languages"""
3b7e4e5e155965fabb0a002aeb7cb72994c68fdc5f346ee465665f339960a7ddbe0e84a2960fb185e83f8f7f11b1b592dad5fa19eb498fa0485060d8084c601c	summary_of_weaknesses	+	Summary_of_weaknesses	O	
3b7e4e5e155965fabb0a002aeb7cb72994c68fdc5f346ee465665f339960a7ddbe0e84a2960fb185e83f8f7f11b1b592dad5fa19eb498fa0485060d8084c601c	summary_of_weaknesses	They should compare among the proposed methods and analyze these results.	Summary_of_weaknesses	B	H5. The results do not surpass the latest SOTA
3b7e4e5e155965fabb0a002aeb7cb72994c68fdc5f346ee465665f339960a7ddbe0e84a2960fb185e83f8f7f11b1b592dad5fa19eb498fa0485060d8084c601c	comments,_suggestions_and_typos	comments,_suggestions_and_typos:+ Performance of each teacher model should be shown in Table 1.	"Summary_of_weaknesses, ""comments,_suggestions_and_typos"""	B	The algorithm's interaction with dataset is problematic
3b7e4e5e155965fabb0a002aeb7cb72994c68fdc5f346ee465665f339960a7ddbe0e84a2960fb185e83f8f7f11b1b592dad5fa19eb498fa0485060d8084c601c	comments,_suggestions_and_typos	D244+	Summary_of_weaknesses	O	
3b7e4e5e155965fabb0a002aeb7cb72994c68fdc5f346ee465665f339960a7ddbe0e84a2960fb185e83f8f7f11b1b592dad5fa19eb498fa0485060d8084c601c	comments,_suggestions_and_typos	They can use the following paper: Knowledge Distillation from Internal Representations [Aguilar, AAAI20]	"""comments,_suggestions_and_typos"""	B	Other
4ad53f4e52feca951d6ca30335fcb8df8d7dc59a9d62d587778abb965d8b580d5f437510708b178b48ad20febdeea1b0692beca9e638788d14967bec5b46facd	summary_of_weaknesses	1	Summary_of_weaknesses	O	
4ad53f4e52feca951d6ca30335fcb8df8d7dc59a9d62d587778abb965d8b580d5f437510708b178b48ad20febdeea1b0692beca9e638788d14967bec5b46facd	summary_of_weaknesses	While their method addresses some of the issues with existing work on diverse paraphrase generation and controlled text generation, none of the existing methods are used to compare to their proposed method.	Summary_of_weaknesses	B	"""H8. The paper doesn't use [my preferred methodology], e.g., deep learning"""
4ad53f4e52feca951d6ca30335fcb8df8d7dc59a9d62d587778abb965d8b580d5f437510708b178b48ad20febdeea1b0692beca9e638788d14967bec5b46facd	summary_of_weaknesses	This makes the results of the paper less convincing as the baseline considered is a simple sequence to sequence paraphrase generator without any control over the desired output.	Summary_of_weaknesses	B	H2. The results contradict what I would expect
4ad53f4e52feca951d6ca30335fcb8df8d7dc59a9d62d587778abb965d8b580d5f437510708b178b48ad20febdeea1b0692beca9e638788d14967bec5b46facd	comments,_suggestions_and_typos	comments,_suggestions_and_typos:1.	"""comments,_suggestions_and_typos"""	O	The algorithm's interaction with dataset is problematic
4ad53f4e52feca951d6ca30335fcb8df8d7dc59a9d62d587778abb965d8b580d5f437510708b178b48ad20febdeea1b0692beca9e638788d14967bec5b46facd	comments,_suggestions_and_typos	In section 2.3, it is assumed that the variance of the distribution p(q|s) is sentence independent.	Summary_of_weaknesses	B	H2. The results contradict what I would expect
4ad53f4e52feca951d6ca30335fcb8df8d7dc59a9d62d587778abb965d8b580d5f437510708b178b48ad20febdeea1b0692beca9e638788d14967bec5b46facd	comments,_suggestions_and_typos	How is this variance estimated?	Summary_of_weaknesses	B	H1. The results are not surprising
4ad53f4e52feca951d6ca30335fcb8df8d7dc59a9d62d587778abb965d8b580d5f437510708b178b48ad20febdeea1b0692beca9e638788d14967bec5b46facd	comments,_suggestions_and_typos	Is it determined using the sample variance of the quality values in the training data?	Summary_of_weaknesses	I	The algorithm's interaction with dataset is problematic
4ad53f4e52feca951d6ca30335fcb8df8d7dc59a9d62d587778abb965d8b580d5f437510708b178b48ad20febdeea1b0692beca9e638788d14967bec5b46facd	comments,_suggestions_and_typos	Since quality is a 3 dimensional vector, is the complete covariance matrix approximated or a diagonal covariance matrix is assumed (which I guess won’t be a reasonable assumption for this problem)?	Summary_of_weaknesses	I	The algorithm's interaction with dataset is problematic
4ad53f4e52feca951d6ca30335fcb8df8d7dc59a9d62d587778abb965d8b580d5f437510708b178b48ad20febdeea1b0692beca9e638788d14967bec5b46facd	comments,_suggestions_and_typos	2. Was there any significance testing done for the results on automatic metrics and human evaluation?	"""comments,_suggestions_and_typos"""	B	H2. The results contradict what I would expect
4ad53f4e52feca951d6ca30335fcb8df8d7dc59a9d62d587778abb965d8b580d5f437510708b178b48ad20febdeea1b0692beca9e638788d14967bec5b46facd	comments,_suggestions_and_typos	Since some of the values between the baseline / gold standard are close to the method’s metrics, it would help solidify the claims.	"""comments,_suggestions_and_typos"""	I	"""H8. The paper doesn't use [my preferred methodology], e.g., deep learning"""
9d3a10ebc4922873f198a72044374f9551105d312d5710cb02570218849e43f79ae42fff4a53628a6ebbc4d636e9ac5d0b70d6d4250d274a814409d20039bde8	summary_of_weaknesses	1) it uses different experiment settings (e.g., a 32k batch size, a beam size of 5) and does not mention some details (e.g., the number of training steps), these different settings may contribute the performance and the comparisons in Table 2 may not be sufficiently reliable. 2) it only compares with some weak baselines in Tables 3, 4 and 6.	Summary_of_weaknesses	B	H14.  The authors should compare to a 'closed' model X
9d3a10ebc4922873f198a72044374f9551105d312d5710cb02570218849e43f79ae42fff4a53628a6ebbc4d636e9ac5d0b70d6d4250d274a814409d20039bde8	summary_of_weaknesses	Though the approach can surpass the sentence-level model baseline, the naive document-to-document translation model and Zheng et al. (2020), these baselines seem weak, for example, Voita et al.	Summary_of_weaknesses	I	"""H10. The approach is tested only on [not English], so unclear if it will generalize to other languages"""
9d3a10ebc4922873f198a72044374f9551105d312d5710cb02570218849e43f79ae42fff4a53628a6ebbc4d636e9ac5d0b70d6d4250d274a814409d20039bde8	summary_of_weaknesses	(2019) achieve 81.6, 58.1, 72.2 and 80.0 for deixis, lexical cohesion, ellipsis (infl.)	Summary_of_weaknesses	B	The contribution is not novel
9d3a10ebc4922873f198a72044374f9551105d312d5710cb02570218849e43f79ae42fff4a53628a6ebbc4d636e9ac5d0b70d6d4250d274a814409d20039bde8	summary_of_weaknesses	and ellipsis (VP) respectively with the CADec model, while this work only gets 64.7, 46.3, 65.9 and 53.0.	Summary_of_weaknesses	B	H5. The results do not surpass the latest SOTA
9d3a10ebc4922873f198a72044374f9551105d312d5710cb02570218849e43f79ae42fff4a53628a6ebbc4d636e9ac5d0b70d6d4250d274a814409d20039bde8	summary_of_weaknesses	It seems that there is still a large gap with the presented approach in these linguistic evaluations.	Summary_of_weaknesses	I	"""H10. The approach is tested only on [not English], so unclear if it will generalize to other languages"""
9d3a10ebc4922873f198a72044374f9551105d312d5710cb02570218849e43f79ae42fff4a53628a6ebbc4d636e9ac5d0b70d6d4250d274a814409d20039bde8	summary_of_weaknesses	3) the multi-resolutional data processing approach may somehow increase the instance weight of the document-level data, and how this affects the performance is not studied.	Summary_of_weaknesses	B	H5. The results do not surpass the latest SOTA
9d3a10ebc4922873f198a72044374f9551105d312d5710cb02570218849e43f79ae42fff4a53628a6ebbc4d636e9ac5d0b70d6d4250d274a814409d20039bde8	comments,_suggestions_and_typos	comments,_suggestions_and_typos:1)	"""comments,_suggestions_and_typos"""	O	H2. The results contradict what I would expect
9d3a10ebc4922873f198a72044374f9551105d312d5710cb02570218849e43f79ae42fff4a53628a6ebbc4d636e9ac5d0b70d6d4250d274a814409d20039bde8	comments,_suggestions_and_typos	It's better to adopt experiment settings consistent with previous work.	"""comments,_suggestions_and_typos"""	I	H13. The authors could also do [extra experiment X]
9d3a10ebc4922873f198a72044374f9551105d312d5710cb02570218849e43f79ae42fff4a53628a6ebbc4d636e9ac5d0b70d6d4250d274a814409d20039bde8	comments,_suggestions_and_typos	2)	"""comments,_suggestions_and_typos"""	O	
9d3a10ebc4922873f198a72044374f9551105d312d5710cb02570218849e43f79ae42fff4a53628a6ebbc4d636e9ac5d0b70d6d4250d274a814409d20039bde8	comments,_suggestions_and_typos	There is still a large performance gap compared to Voita et al. (2019) in linguistic evaluations, while BLEU may not be able to reflect these document-level phenomena and linguistic evaluations are important.	Summary_of_weaknesses	B	"""H10. The approach is tested only on [not English], so unclear if it will generalize to other languages"""
9d3a10ebc4922873f198a72044374f9551105d312d5710cb02570218849e43f79ae42fff4a53628a6ebbc4d636e9ac5d0b70d6d4250d274a814409d20039bde8	comments,_suggestions_and_typos	The issues for the performance gap shall be investigated and solved.	"""comments,_suggestions_and_typos"""	I	H4. This has no precedent in the existing literature
9d3a10ebc4922873f198a72044374f9551105d312d5710cb02570218849e43f79ae42fff4a53628a6ebbc4d636e9ac5d0b70d6d4250d274a814409d20039bde8	comments,_suggestions_and_typos	3) It's better to investigate whether the model really leverages document-level contexts correctly, probably refer to this paper:	"""comments,_suggestions_and_typos"""	I	"""H10. The approach is tested only on [not English], so unclear if it will generalize to other languages"""
9d3a10ebc4922873f198a72044374f9551105d312d5710cb02570218849e43f79ae42fff4a53628a6ebbc4d636e9ac5d0b70d6d4250d274a814409d20039bde8	comments,_suggestions_and_typos	Do Context-Aware Translation Models Pay the Right Attention?	"""comments,_suggestions_and_typos"""	I	"""H10. The approach is tested only on [not English], so unclear if it will generalize to other languages"""
9d3a10ebc4922873f198a72044374f9551105d312d5710cb02570218849e43f79ae42fff4a53628a6ebbc4d636e9ac5d0b70d6d4250d274a814409d20039bde8	comments,_suggestions_and_typos	In ACL 2021.	"""comments,_suggestions_and_typos"""	O	H2. The results contradict what I would expect
254183d814a4ec6d0d2cbb94da5f24875b391296f058c9f2e831b4b49f790cd77cfd42c8619b99ae1a24c1315a1ec7d2657d10e07a174e6a84e89f40efcbc586	summary_of_weaknesses	no major weakness is observed.	Summary_of_weaknesses	B	Other
254183d814a4ec6d0d2cbb94da5f24875b391296f058c9f2e831b4b49f790cd77cfd42c8619b99ae1a24c1315a1ec7d2657d10e07a174e6a84e89f40efcbc586	comments,_suggestions_and_typos	The paper uses much analysis to justify that the information axis is a good tool to be applied.	"""comments,_suggestions_and_typos"""	B	H5. The results do not surpass the latest SOTA
254183d814a4ec6d0d2cbb94da5f24875b391296f058c9f2e831b4b49f790cd77cfd42c8619b99ae1a24c1315a1ec7d2657d10e07a174e6a84e89f40efcbc586	comments,_suggestions_and_typos	As pointed out in conclusion, I'm curious to see some related experiments that this information axis tool can help with.-For Figure 1, I have another angle for explaining why randomly-generated n-grams are far away from the extant words: the characterBERT would explicitly maximize the probability of seen character sequence (implicitly minimize the probability of unseen character sequence).	"""comments,_suggestions_and_typos"""	I	"""H10. The approach is tested only on [not English], so unclear if it will generalize to other languages"""
254183d814a4ec6d0d2cbb94da5f24875b391296f058c9f2e831b4b49f790cd77cfd42c8619b99ae1a24c1315a1ec7d2657d10e07a174e6a84e89f40efcbc586	comments,_suggestions_and_typos	So I guess the randomly generated n-grams would have distant different PPL value with the extant words.	"""comments,_suggestions_and_typos"""	I	"""H10. The approach is tested only on [not English], so unclear if it will generalize to other languages"""
254183d814a4ec6d0d2cbb94da5f24875b391296f058c9f2e831b4b49f790cd77cfd42c8619b99ae1a24c1315a1ec7d2657d10e07a174e6a84e89f40efcbc586	comments,_suggestions_and_typos	"This is justified in Section 5.4.-It would be better to define some notations and give a clear definition of the ""information axis"", ""word concreteness"" and also ""Markov chain information content"".-Other than UMAP, there are some other tools for analyzing the geometry of high-dimensional representations."	"""comments,_suggestions_and_typos"""	I	H4. This has no precedent in the existing literature
254183d814a4ec6d0d2cbb94da5f24875b391296f058c9f2e831b4b49f790cd77cfd42c8619b99ae1a24c1315a1ec7d2657d10e07a174e6a84e89f40efcbc586	comments,_suggestions_and_typos	I believe the idea is not highly integrated with UMAP.	"""comments,_suggestions_and_typos"""	I	"""H8. The paper doesn't use [my preferred methodology], e.g., deep learning"""
254183d814a4ec6d0d2cbb94da5f24875b391296f058c9f2e831b4b49f790cd77cfd42c8619b99ae1a24c1315a1ec7d2657d10e07a174e6a84e89f40efcbc586	comments,_suggestions_and_typos	So it would be better to show demonstrate results with other tools like T-SNE.	"""comments,_suggestions_and_typos"""	I	The algorithm's interaction with dataset is problematic
3f8d632dc2771f862f319162805aec0b0328f59d23fe4069042cfa3fe902e1f3d61c00d8ad9195884f0b81a53ff4d64a1e41331b5735b7e315a3a885f6594bd3	summary_of_weaknesses	1. UpdateROUGE is a newly proposed automatic evaluation metric for the task based on an intuitive heuristic.	Summary_of_weaknesses	B	H2. The results contradict what I would expect
3f8d632dc2771f862f319162805aec0b0328f59d23fe4069042cfa3fe902e1f3d61c00d8ad9195884f0b81a53ff4d64a1e41331b5735b7e315a3a885f6594bd3	summary_of_weaknesses	It would be nice if more analysis could be done about this proposed metric, including how it correlates with human evaluation metrics and how robust it is against multiple alternatives to the correct answer.	Summary_of_weaknesses	B	H5. The results do not surpass the latest SOTA
3f8d632dc2771f862f319162805aec0b0328f59d23fe4069042cfa3fe902e1f3d61c00d8ad9195884f0b81a53ff4d64a1e41331b5735b7e315a3a885f6594bd3	summary_of_weaknesses	2	Summary_of_weaknesses	O	Other
3f8d632dc2771f862f319162805aec0b0328f59d23fe4069042cfa3fe902e1f3d61c00d8ad9195884f0b81a53ff4d64a1e41331b5735b7e315a3a885f6594bd3	summary_of_weaknesses	Several trivial copy baselines are used, but as mentioned as a reference (Wiseman et.	Summary_of_weaknesses	B	The paper is missing recent baselines
3f8d632dc2771f862f319162805aec0b0328f59d23fe4069042cfa3fe902e1f3d61c00d8ad9195884f0b81a53ff4d64a1e41331b5735b7e315a3a885f6594bd3	summary_of_weaknesses	al., 2017), there are models that explicitly do data to text generation with copy mechanism (attention based) that could serve as a slightly more intelligent way of performing copying baseline with selection of what to copy.	Summary_of_weaknesses	I	H1. The results are not surprising
3f8d632dc2771f862f319162805aec0b0328f59d23fe4069042cfa3fe902e1f3d61c00d8ad9195884f0b81a53ff4d64a1e41331b5735b7e315a3a885f6594bd3	comments,_suggestions_and_typos	comments,_suggestions_and_typos:N/A	"""comments,_suggestions_and_typos"""	O	Other
c15b7728de1c9c327f8369275d20ebafd1d5b8b4e54f3f832face694191fdbfb97cc040a518ff073dd9ce390821c1d378c9a8bfd346ba96c7211ebbb97320165	summary_of_weaknesses	My major concern of this paper is the innovativeness.	Summary_of_weaknesses	B	H2. The results contradict what I would expect
c15b7728de1c9c327f8369275d20ebafd1d5b8b4e54f3f832face694191fdbfb97cc040a518ff073dd9ce390821c1d378c9a8bfd346ba96c7211ebbb97320165	summary_of_weaknesses	I think the contribution of the paper lies in more on the engineering side: results on more test-sets to avoid overfitting, speed comparison not only on 1-batch GPU setting but also on x-batch and multi-cpu settings, etc.	Summary_of_weaknesses	I	The algorithm's interaction with dataset is problematic
c15b7728de1c9c327f8369275d20ebafd1d5b8b4e54f3f832face694191fdbfb97cc040a518ff073dd9ce390821c1d378c9a8bfd346ba96c7211ebbb97320165	summary_of_weaknesses	However, while a lot of content is on engineering side, there is very few new findings on algorithm or model side: the CTC model is not new, and no new evaluation metrics is proposed.	Summary_of_weaknesses	B	The contribution is not novel
c15b7728de1c9c327f8369275d20ebafd1d5b8b4e54f3f832face694191fdbfb97cc040a518ff073dd9ce390821c1d378c9a8bfd346ba96c7211ebbb97320165	summary_of_weaknesses	So I think the paper would be better to appear in related workshop, rather than a ACL long paper.	Summary_of_weaknesses	B	The contribution is not novel
c15b7728de1c9c327f8369275d20ebafd1d5b8b4e54f3f832face694191fdbfb97cc040a518ff073dd9ce390821c1d378c9a8bfd346ba96c7211ebbb97320165	comments,_suggestions_and_typos	comments,_suggestions_and_typos:1.	"""comments,_suggestions_and_typos"""	O	Other
c15b7728de1c9c327f8369275d20ebafd1d5b8b4e54f3f832face694191fdbfb97cc040a518ff073dd9ce390821c1d378c9a8bfd346ba96c7211ebbb97320165	comments,_suggestions_and_typos	In Table 3, the COMET score is added without enough explanation: why choose this metric and how it fits into this evaluation?   	Summary_of_weaknesses	B	The algorithm's interaction with dataset is problematic
c15b7728de1c9c327f8369275d20ebafd1d5b8b4e54f3f832face694191fdbfb97cc040a518ff073dd9ce390821c1d378c9a8bfd346ba96c7211ebbb97320165	comments,_suggestions_and_typos	And with the observation of substantial difference in COMET and BLEU score, the author suggest that NAR models may rank poorly in human evaluation, why not add the human evaluation in the paper?  	Summary_of_weaknesses	B	The algorithm's interaction with dataset is problematic
c15b7728de1c9c327f8369275d20ebafd1d5b8b4e54f3f832face694191fdbfb97cc040a518ff073dd9ce390821c1d378c9a8bfd346ba96c7211ebbb97320165	comments,_suggestions_and_typos	If it does rank poorly, it may reveal another important feature of NAR model.	Summary_of_weaknesses	I	The contribution is not novel
0fda793d18ac111fc9ccbb4fc5ad054d767acddc0022a0493fcef37f326a9dd7d9688397ee29fac9548a2c0765886ba174d0169c283fdd5415f85f89bd4db0a8	summary_of_weaknesses	Some definitions and statements are not clear or well justified.-Lack of clarity in the definition of the input/outputs for each subtask	comments,_suggestions_and_typos	B	Other
0fda793d18ac111fc9ccbb4fc5ad054d767acddc0022a0493fcef37f326a9dd7d9688397ee29fac9548a2c0765886ba174d0169c283fdd5415f85f89bd4db0a8	comments,_suggestions_and_typos	comments,_suggestions_and_typos:063-065	comments,_suggestions_and_typos	O	
0fda793d18ac111fc9ccbb4fc5ad054d767acddc0022a0493fcef37f326a9dd7d9688397ee29fac9548a2c0765886ba174d0169c283fdd5415f85f89bd4db0a8	comments,_suggestions_and_typos	"""Though most of the existing studies consider the expansion a regression problem ... -> Missing a reference to support this statement 081-082 TEAM that performs both the Attach and Merge operations together -> Performs attach and merge together or is trained together?092 Missing reference for wordnet definition 112-114 """"The taxonomy T is arranged in a hierarchical manner directed edges in E as shown in Figure 1."""" - > It doesn't seem clear.115 query concept q: Is this a concept or a candidate word?"""	comments,_suggestions_and_typos	B	Other
0fda793d18ac111fc9ccbb4fc5ad054d767acddc0022a0493fcef37f326a9dd7d9688397ee29fac9548a2c0765886ba174d0169c283fdd5415f85f89bd4db0a8	comments,_suggestions_and_typos	"""Your initial examples (Page 1) mention """"mango"""" and """"nutrient"""" and do not seem to be concepts according to your definition.188 the query synset sq -> Is this a query synset or a word that belongs to the synset (concept) X."""	comments,_suggestions_and_typos	I	Other
0fda793d18ac111fc9ccbb4fc5ad054d767acddc0022a0493fcef37f326a9dd7d9688397ee29fac9548a2c0765886ba174d0169c283fdd5415f85f89bd4db0a8	comments,_suggestions_and_typos	I am not sure if I understand correctly but in the case of attach, the query concept is a (d, ss): definition, synonymns included in the synset.	comments,_suggestions_and_typos	B	Other
0fda793d18ac111fc9ccbb4fc5ad054d767acddc0022a0493fcef37f326a9dd7d9688397ee29fac9548a2c0765886ba174d0169c283fdd5415f85f89bd4db0a8	comments,_suggestions_and_typos	I am not sure if I understand correctly but in the case of attach, the query concept is a (d, ss): definition, synonymns included in the synset.	comments,_suggestions_and_typos	B	Other
0fda793d18ac111fc9ccbb4fc5ad054d767acddc0022a0493fcef37f326a9dd7d9688397ee29fac9548a2c0765886ba174d0169c283fdd5415f85f89bd4db0a8	comments,_suggestions_and_typos	- >	comments,_suggestions_and_typos	O	Other
0fda793d18ac111fc9ccbb4fc5ad054d767acddc0022a0493fcef37f326a9dd7d9688397ee29fac9548a2c0765886ba174d0169c283fdd5415f85f89bd4db0a8	comments,_suggestions_and_typos	It applies for merge in most cases but it is not case for attach, right?	comments,_suggestions_and_typos	B	Other
0fda793d18ac111fc9ccbb4fc5ad054d767acddc0022a0493fcef37f326a9dd7d9688397ee29fac9548a2c0765886ba174d0169c283fdd5415f85f89bd4db0a8	comments,_suggestions_and_typos	Because attach considers candidate concept (that can be composed by a synonym set) 224 comprising of the node -> that comprises the node ...	comments,_suggestions_and_typos	I	Other
0fda793d18ac111fc9ccbb4fc5ad054d767acddc0022a0493fcef37f326a9dd7d9688397ee29fac9548a2c0765886ba174d0169c283fdd5415f85f89bd4db0a8	comments,_suggestions_and_typos	245	Summary_of_weaknesses	O	Other
0fda793d18ac111fc9ccbb4fc5ad054d767acddc0022a0493fcef37f326a9dd7d9688397ee29fac9548a2c0765886ba174d0169c283fdd5415f85f89bd4db0a8	comments,_suggestions_and_typos	The GAT is trained with the whole model?Needs to be reviewed by a English native speaker and some sentences need to be rewriting for improving the clarity.	comments,_suggestions_and_typos	B	H10. The approach is tested only on [not English], so unclear if it will generalize to other languages
16dfeb4560e8b923b4053e6ae7bbfd3e2d347bc5a075db524f9735aae63abc6b42c9f443eff66b822f008e0be99358a350be4e8b70c616f68450b6c938872fca	summary_of_weaknesses	The main concern to me is about the theoretical analysis, which seems too brief to reveal the intrinsic mechanism of the proposed methods, details are listed as follows.-The corollary in line 245 assumes that $\mathbf{w}^*_{i}$ $(1 \leq i \leq n)$ are drawn i.i.d.	Summary_of_weaknesses	B	Other
16dfeb4560e8b923b4053e6ae7bbfd3e2d347bc5a075db524f9735aae63abc6b42c9f443eff66b822f008e0be99358a350be4e8b70c616f68450b6c938872fca	summary_of_weaknesses	from a distribution on $[-1, 1]$. Is this.	Summary_of_weaknesses	I	
16dfeb4560e8b923b4053e6ae7bbfd3e2d347bc5a075db524f9735aae63abc6b42c9f443eff66b822f008e0be99358a350be4e8b70c616f68450b6c938872fca	summary_of_weaknesses	i.i.d. assumption holds for the proposed networks?	Summary_of_weaknesses	I	
16dfeb4560e8b923b4053e6ae7bbfd3e2d347bc5a075db524f9735aae63abc6b42c9f443eff66b822f008e0be99358a350be4e8b70c616f68450b6c938872fca	summary_of_weaknesses	Besides, I not that the range of $\mathbf{W}$, $(-0.5, 0.5)$ is not equal to that of $\mathbf{w}^*$'s.	Summary_of_weaknesses	B	Other
16dfeb4560e8b923b4053e6ae7bbfd3e2d347bc5a075db524f9735aae63abc6b42c9f443eff66b822f008e0be99358a350be4e8b70c616f68450b6c938872fca	summary_of_weaknesses	Could this difference effect that derivations?-	Summary_of_weaknesses	I	H13. The authors could also do [extra experiment X]
16dfeb4560e8b923b4053e6ae7bbfd3e2d347bc5a075db524f9735aae63abc6b42c9f443eff66b822f008e0be99358a350be4e8b70c616f68450b6c938872fca	summary_of_weaknesses	In the proposed method, the authors claim that $N$ sparse student modules have probabilities of $p_1, p_2, p_3, ..., p_N$ to substitute the corresponding teacher layers separately.	Summary_of_weaknesses	I	Other
16dfeb4560e8b923b4053e6ae7bbfd3e2d347bc5a075db524f9735aae63abc6b42c9f443eff66b822f008e0be99358a350be4e8b70c616f68450b6c938872fca	summary_of_weaknesses	But these probabilities have not been considered in the theoretical derivations.	Summary_of_weaknesses	I	Other
16dfeb4560e8b923b4053e6ae7bbfd3e2d347bc5a075db524f9735aae63abc6b42c9f443eff66b822f008e0be99358a350be4e8b70c616f68450b6c938872fca	summary_of_weaknesses	I guess these can affect the results.-	Summary_of_weaknesses	I	H2. The results contradict what I would expect
16dfeb4560e8b923b4053e6ae7bbfd3e2d347bc5a075db524f9735aae63abc6b42c9f443eff66b822f008e0be99358a350be4e8b70c616f68450b6c938872fca	summary_of_weaknesses	The nonlinear transformations in the neural works, such as $exp$ and $tanh$ have not been considered in the theoretical derivations.	Summary_of_weaknesses	I	Other
16dfeb4560e8b923b4053e6ae7bbfd3e2d347bc5a075db524f9735aae63abc6b42c9f443eff66b822f008e0be99358a350be4e8b70c616f68450b6c938872fca	summary_of_weaknesses	To my understanding, these are non-trivial results and should not be omitted to obtain the Eq.	Summary_of_weaknesses	I	H8. The paper doesn't use [my preferred methodology], e.g., deep learning
16dfeb4560e8b923b4053e6ae7bbfd3e2d347bc5a075db524f9735aae63abc6b42c9f443eff66b822f008e0be99358a350be4e8b70c616f68450b6c938872fca	summary_of_weaknesses	(10) directly.	Summary_of_weaknesses	I	
16dfeb4560e8b923b4053e6ae7bbfd3e2d347bc5a075db524f9735aae63abc6b42c9f443eff66b822f008e0be99358a350be4e8b70c616f68450b6c938872fca	summary_of_weaknesses	Another concern is why the reported results are all on the dev set but not on the test set, which is uncommon or maybe I have missed some thing.	Summary_of_weaknesses	B	Other
16dfeb4560e8b923b4053e6ae7bbfd3e2d347bc5a075db524f9735aae63abc6b42c9f443eff66b822f008e0be99358a350be4e8b70c616f68450b6c938872fca	comments,_suggestions_and_typos	--------Suggestions---------	comments,_suggestions_and_typos	O	
16dfeb4560e8b923b4053e6ae7bbfd3e2d347bc5a075db524f9735aae63abc6b42c9f443eff66b822f008e0be99358a350be4e8b70c616f68450b6c938872fca	comments,_suggestions_and_typos	1	comments,_suggestions_and_typos	O	
16dfeb4560e8b923b4053e6ae7bbfd3e2d347bc5a075db524f9735aae63abc6b42c9f443eff66b822f008e0be99358a350be4e8b70c616f68450b6c938872fca	comments,_suggestions_and_typos	The detailed derivations of corollary and the derivations of Eq. (10) are important, which should be displayed in detail in the appendix or on the main pages.	comments,_suggestions_and_typos	B	H11. The paper has language errors
16dfeb4560e8b923b4053e6ae7bbfd3e2d347bc5a075db524f9735aae63abc6b42c9f443eff66b822f008e0be99358a350be4e8b70c616f68450b6c938872fca	comments,_suggestions_and_typos	2	comments,_suggestions_and_typos	O	
16dfeb4560e8b923b4053e6ae7bbfd3e2d347bc5a075db524f9735aae63abc6b42c9f443eff66b822f008e0be99358a350be4e8b70c616f68450b6c938872fca	comments,_suggestions_and_typos	The Figures and Tables can be moved on the top for better readability.	comments,_suggestions_and_typos	B	H11. The paper has language errors
16dfeb4560e8b923b4053e6ae7bbfd3e2d347bc5a075db524f9735aae63abc6b42c9f443eff66b822f008e0be99358a350be4e8b70c616f68450b6c938872fca	comments,_suggestions_and_typos	3	comments,_suggestions_and_typos	O	Other
16dfeb4560e8b923b4053e6ae7bbfd3e2d347bc5a075db524f9735aae63abc6b42c9f443eff66b822f008e0be99358a350be4e8b70c616f68450b6c938872fca	comments,_suggestions_and_typos	Significance test can be conducted for the results of Tab. 1-3.----------Typos---------- -line 249: $\mathbf{W}$ --> $\mathbf{w}$. - Eq.(8) $c$ has not been defined.- line 269: missing the right $|$. -	comments,_suggestions_and_typos	B	Other
16dfeb4560e8b923b4053e6ae7bbfd3e2d347bc5a075db524f9735aae63abc6b42c9f443eff66b822f008e0be99358a350be4e8b70c616f68450b6c938872fca	comments,_suggestions_and_typos	The title of Tab. 3 is the same as that of Tab. 1.	comments,_suggestions_and_typos	I	Other
3149648e5774b4cad7693fd8600f255328e62c395dfa804aabe286a6358502b7dac551c05fa3575496b23c7c57bfde0f43e7cd6418c5b5363a64a0c355d9c32d	summary_of_weaknesses	1	Summary_of_weaknesses	O	
3149648e5774b4cad7693fd8600f255328e62c395dfa804aabe286a6358502b7dac551c05fa3575496b23c7c57bfde0f43e7cd6418c5b5363a64a0c355d9c32d	summary_of_weaknesses	"""In the backward query of Fig 4, why the span is """"must visit"""" instead of """"a must visit"""" given the probability of the word """"a"""" is 86%, which is the same as the word """"must""""?"""	Summary_of_weaknesses	B	Other
3149648e5774b4cad7693fd8600f255328e62c395dfa804aabe286a6358502b7dac551c05fa3575496b23c7c57bfde0f43e7cd6418c5b5363a64a0c355d9c32d	summary_of_weaknesses	2	Summary_of_weaknesses	O	
3149648e5774b4cad7693fd8600f255328e62c395dfa804aabe286a6358502b7dac551c05fa3575496b23c7c57bfde0f43e7cd6418c5b5363a64a0c355d9c32d	summary_of_weaknesses	What if the forward query and backward query give conflict prediction?	Summary_of_weaknesses	I	Other
3149648e5774b4cad7693fd8600f255328e62c395dfa804aabe286a6358502b7dac551c05fa3575496b23c7c57bfde0f43e7cd6418c5b5363a64a0c355d9c32d	summary_of_weaknesses	"""For example in the example sentence of Fig 2, if the answer to the first query is only """"small"""" (without """"good""""), what will happen?"""	Summary_of_weaknesses	I	Other
3149648e5774b4cad7693fd8600f255328e62c395dfa804aabe286a6358502b7dac551c05fa3575496b23c7c57bfde0f43e7cd6418c5b5363a64a0c355d9c32d	summary_of_weaknesses	The example in Fig 4 is too simple.	Summary_of_weaknesses	B	H7. This method is too simple
3149648e5774b4cad7693fd8600f255328e62c395dfa804aabe286a6358502b7dac551c05fa3575496b23c7c57bfde0f43e7cd6418c5b5363a64a0c355d9c32d	summary_of_weaknesses	3	Summary_of_weaknesses	O	
3149648e5774b4cad7693fd8600f255328e62c395dfa804aabe286a6358502b7dac551c05fa3575496b23c7c57bfde0f43e7cd6418c5b5363a64a0c355d9c32d	summary_of_weaknesses	What are the differences between two versions of ASTE-Data datasets?	Summary_of_weaknesses	B	Not Enough Info
3149648e5774b4cad7693fd8600f255328e62c395dfa804aabe286a6358502b7dac551c05fa3575496b23c7c57bfde0f43e7cd6418c5b5363a64a0c355d9c32d	summary_of_weaknesses	4	Summary_of_weaknesses	O	
3149648e5774b4cad7693fd8600f255328e62c395dfa804aabe286a6358502b7dac551c05fa3575496b23c7c57bfde0f43e7cd6418c5b5363a64a0c355d9c32d	summary_of_weaknesses	The evaluation metrics are not explained, is it an exact match rule: the prediction is correct only if all three elements in the triplet are correct?	Summary_of_weaknesses	B	Other
3149648e5774b4cad7693fd8600f255328e62c395dfa804aabe286a6358502b7dac551c05fa3575496b23c7c57bfde0f43e7cd6418c5b5363a64a0c355d9c32d	comments,_suggestions_and_typos	comments,_suggestions_and_typos:	comments,_suggestions_and_typos	O	
3149648e5774b4cad7693fd8600f255328e62c395dfa804aabe286a6358502b7dac551c05fa3575496b23c7c57bfde0f43e7cd6418c5b5363a64a0c355d9c32d	comments,_suggestions_and_typos	The words in Fig 4 is too small.	comments,_suggestions_and_typos	B	H11. The paper has language errors
3149648e5774b4cad7693fd8600f255328e62c395dfa804aabe286a6358502b7dac551c05fa3575496b23c7c57bfde0f43e7cd6418c5b5363a64a0c355d9c32d	comments,_suggestions_and_typos	It can hard be recognized is the paper is printed out on an A4 paper.	comments,_suggestions_and_typos	I	H11. The paper has language errors
3149648e5774b4cad7693fd8600f255328e62c395dfa804aabe286a6358502b7dac551c05fa3575496b23c7c57bfde0f43e7cd6418c5b5363a64a0c355d9c32d	comments,_suggestions_and_typos	The variables in formula 1 and 2 should be explained, for example, what is pair_asp.	comments,_suggestions_and_typos	B	X is not clear
33178613e73a3a60b9e6a866bcd6b0d2f1f165b7deb4ed100e76119fb9dd7f50890652a5432797711a539d7dfef5b8ba0f52d44016ef99466d64df69441eb8d7	summary_of_weaknesses	Authors aim to improve previous methods via trigger saliency attribution and grouping event types with similar patterns together.	Summary_of_weaknesses	B	
33178613e73a3a60b9e6a866bcd6b0d2f1f165b7deb4ed100e76119fb9dd7f50890652a5432797711a539d7dfef5b8ba0f52d44016ef99466d64df69441eb8d7	summary_of_weaknesses	But one question is how to measure the correctness of the divided group, not only from the perspective of intuitions but experimental evidence.-	Summary_of_weaknesses	I	H13. The authors could also do [extra experiment X], X is not clear
33178613e73a3a60b9e6a866bcd6b0d2f1f165b7deb4ed100e76119fb9dd7f50890652a5432797711a539d7dfef5b8ba0f52d44016ef99466d64df69441eb8d7	summary_of_weaknesses	As a recent trend is pre-training Transformer on large-scale corpora and larger models also show greater capabilities for context representative, I am wondering if the larger model performs poorly on context-dependent types.- Case visualization contains only two examples of each instance and consists of mere conjectures about the reason behind their model’s performance and errors.	Summary_of_weaknesses	I	H14. The authors should compare to a 'closed' model X, Not Enough Info
33178613e73a3a60b9e6a866bcd6b0d2f1f165b7deb4ed100e76119fb9dd7f50890652a5432797711a539d7dfef5b8ba0f52d44016ef99466d64df69441eb8d7	comments,_suggestions_and_typos	comments,_suggestions_and_typos:As mentioned by weaknesses above.	comments,_suggestions_and_typos	O	
3b944e4ed36cecfdc9e6caa201771f4f95ac47d5de84537a4f4f1523bd5ee9722ad0ac9b0558cab3a9cb3b39b4ece05cdb53de63f7d9e0c74fad24a6306cc168	summary_of_weaknesses	Although the experiments are very comprehensive, this paper lacks technical novelty.	Summary_of_weaknesses	B	The contribution is not novel
3b944e4ed36cecfdc9e6caa201771f4f95ac47d5de84537a4f4f1523bd5ee9722ad0ac9b0558cab3a9cb3b39b4ece05cdb53de63f7d9e0c74fad24a6306cc168	summary_of_weaknesses	The optimal data selection strategy also seems to offer limited improvement over random data selection.	Summary_of_weaknesses	I	H6. The results are negative
3b944e4ed36cecfdc9e6caa201771f4f95ac47d5de84537a4f4f1523bd5ee9722ad0ac9b0558cab3a9cb3b39b4ece05cdb53de63f7d9e0c74fad24a6306cc168	comments,_suggestions_and_typos	comments,_suggestions_and_typos:	comments,_suggestions_and_typos	O	
3b944e4ed36cecfdc9e6caa201771f4f95ac47d5de84537a4f4f1523bd5ee9722ad0ac9b0558cab3a9cb3b39b4ece05cdb53de63f7d9e0c74fad24a6306cc168	comments,_suggestions_and_typos	Can you provide more insights about why loss embedding based data selection is better for sequential labeling task while gradient embedding is better for classification task?	comments,_suggestions_and_typos	B	X is not clear, H1. The results are not surprising
3b944e4ed36cecfdc9e6caa201771f4f95ac47d5de84537a4f4f1523bd5ee9722ad0ac9b0558cab3a9cb3b39b4ece05cdb53de63f7d9e0c74fad24a6306cc168	comments,_suggestions_and_typos	Why embedding based methods are better than other selection methods?For method selection, details should be included in the main paper rather than appendix (2.1 and 2.2 all refer to Appendix B).	comments,_suggestions_and_typos	B	H11. The paper has language errors
50018272a4012c35c9914c4c39a3bb52c4db9e443c982e6d428345b13e0fddd0d6d07ef6b41aad094d1994aedf89dd28dc573b68b0467426abb0e37b21ee1e7b	summary_of_weaknesses	Nothing as such!!	comments,_suggestions_and_typos	O	Other
50018272a4012c35c9914c4c39a3bb52c4db9e443c982e6d428345b13e0fddd0d6d07ef6b41aad094d1994aedf89dd28dc573b68b0467426abb0e37b21ee1e7b	comments,_suggestions_and_typos	comments,_suggestions_and_typos:Nothing as such!!	comments,_suggestions_and_typos	O	Other
909401608cd2cc3f27e81166e206956bf00b27534e3891663097ddfb6331144a76c4eeed90fdbeac4c98b7ce3be6a927f50b53554de93f5aee759d016da075d3	summary_of_weaknesses	What is the percentage of complex questions in the VQA dataset ?	Summary_of_weaknesses	B	H13. The authors could also do [extra experiment X]
909401608cd2cc3f27e81166e206956bf00b27534e3891663097ddfb6331144a76c4eeed90fdbeac4c98b7ce3be6a927f50b53554de93f5aee759d016da075d3	summary_of_weaknesses	If the proportion is very small, it is really hard for the proposed method to gain significant improvement.-There are several dependancies (e.g. SQS, Oracle) that bound the performance of the proposed model.-The improvement of Table 1 and 2 is not significant.	Summary_of_weaknesses	I	H1. The results are not surprising, H6. The results are negative
909401608cd2cc3f27e81166e206956bf00b27534e3891663097ddfb6331144a76c4eeed90fdbeac4c98b7ce3be6a927f50b53554de93f5aee759d016da075d3	summary_of_weaknesses	If the author insists on the significancy of those performance, please provide corresponding statistical analysis, like p-value.	Summary_of_weaknesses	I	Other
909401608cd2cc3f27e81166e206956bf00b27534e3891663097ddfb6331144a76c4eeed90fdbeac4c98b7ce3be6a927f50b53554de93f5aee759d016da075d3	comments,_suggestions_and_typos	comments,_suggestions_and_typos:N/A	comments,_suggestions_and_typos	O	Other
9760bb62538746e046f7f04b2e4689313a4e13df107f3038e770165cbccbe47718146c9fe793a9f9b0a0d41f046b704ba990d38f59e3872cf6e809b2a0412572	summary_of_weaknesses	While I appreciate their effort in building pre-trained models for long sequences, I do have the following concerns: -The results by other models (Table 2, Table 4 bottom) are taken from the original papers whose experiments might not be conducted under the same computational limit (i.e., GPU/TPU memory).	Summary_of_weaknesses	B	H13. The authors could also do [extra experiment X]
9760bb62538746e046f7f04b2e4689313a4e13df107f3038e770165cbccbe47718146c9fe793a9f9b0a0d41f046b704ba990d38f59e3872cf6e809b2a0412572	summary_of_weaknesses	It is likely that the improved performance is due to the authors' better computational resource that allows longer inputs.	Summary_of_weaknesses	I	H2. The results contradict what I would expect
9760bb62538746e046f7f04b2e4689313a4e13df107f3038e770165cbccbe47718146c9fe793a9f9b0a0d41f046b704ba990d38f59e3872cf6e809b2a0412572	summary_of_weaknesses	Also, it is unclear if techniques that can reduce memory usage (e.g., gradient checkpointing) are used by the authors in this paper to reach longer inputs.-In Table 4 and Figure 2, due to the lack of T5 models pre-trained with the Gap Sentence Prediction objective, It is unclear the better performance by LongT5 is due to the Transient Global Attention or the Gap Sentence Prediction pre-training objective.-There lacks some ablation studies for the Transient Global Attention (e.g., is it necessary to use all global tokens?).	Summary_of_weaknesses	I	H13. The authors could also do [extra experiment X]
9760bb62538746e046f7f04b2e4689313a4e13df107f3038e770165cbccbe47718146c9fe793a9f9b0a0d41f046b704ba990d38f59e3872cf6e809b2a0412572	comments,_suggestions_and_typos	Would be better if the input lengths used by different comparisons are listed.	comments,_suggestions_and_typos	B	H13. The authors could also do [extra experiment X]
b9bf179e786d9d9d441ad848e6818c4bcb3dfbe3f0162524065bd80b548782324417b849cac82e90feb3373cf7ffdf9eaad8e2f81b03bc43279e0f8e03b3f99b	summary_of_weaknesses	(minor) Studying the correlation between inter-class JS divergence and performance is a good point.	Summary_of_weaknesses	B	H13. The authors could also do [extra experiment X]
b9bf179e786d9d9d441ad848e6818c4bcb3dfbe3f0162524065bd80b548782324417b849cac82e90feb3373cf7ffdf9eaad8e2f81b03bc43279e0f8e03b3f99b	summary_of_weaknesses	However, I found its results not entirely convincing because it depends on the presence of two of the six tasks: CoLA and SST-2.	Summary_of_strengthes	I	H1. The results are not surprising
b9bf179e786d9d9d441ad848e6818c4bcb3dfbe3f0162524065bd80b548782324417b849cac82e90feb3373cf7ffdf9eaad8e2f81b03bc43279e0f8e03b3f99b	summary_of_weaknesses	CoLA is a quite different task, and the authors also report the correlation without this task, which becomes much smaller.	Summary_of_weaknesses	I	Other
b9bf179e786d9d9d441ad848e6818c4bcb3dfbe3f0162524065bd80b548782324417b849cac82e90feb3373cf7ffdf9eaad8e2f81b03bc43279e0f8e03b3f99b	summary_of_weaknesses	At that point the presence of a positive correlation entirely depends on the presence of SST-2.	Summary_of_weaknesses	I	H1. The results are not surprising
b9bf179e786d9d9d441ad848e6818c4bcb3dfbe3f0162524065bd80b548782324417b849cac82e90feb3373cf7ffdf9eaad8e2f81b03bc43279e0f8e03b3f99b	summary_of_weaknesses	Or to phrase it differently, no such correlation is observed in the subset of tasks {QQP, MRPC, QNLI, RTE}.	Summary_of_weaknesses	I	H1. The results are not surprising
b9bf179e786d9d9d441ad848e6818c4bcb3dfbe3f0162524065bd80b548782324417b849cac82e90feb3373cf7ffdf9eaad8e2f81b03bc43279e0f8e03b3f99b	comments,_suggestions_and_typos	The authors have taken into account all my previous comments, and plan to look into the correlation point above.	Summary_of_weaknesses	I	Other
c4fff444ce629569aa444881cb13c6cb61c630ead029630f063f04a5fabb4d6cde095a8ec2f76e7bbdcdb427e76b0c7578a2f92c32ff585fab0939e7bed5a6a5	summary_of_weaknesses	By showing that there is an equivalent graph in the rank space on which message passing is equivalent to message passing in the original joint state and rank space, this work exposes the fact that these large structured prediction models with fully decomposable clique potentials (Chiu et al 2021 being an exception) are equivalent to a smaller structured prediction model (albeit with over-parameterized clique potentials).	Summary_of_weaknesses	B	Other
c4fff444ce629569aa444881cb13c6cb61c630ead029630f063f04a5fabb4d6cde095a8ec2f76e7bbdcdb427e76b0c7578a2f92c32ff585fab0939e7bed5a6a5	summary_of_weaknesses	For example, looking at Figure 5 (c), the original HMM is equivalent to a smaller MRF with state size being the rank size (which is the reason why inference complexity does not depend on the original number of states at all after calculating the equivalent transition and emission matrices).	Summary_of_weaknesses	I	Other
c4fff444ce629569aa444881cb13c6cb61c630ead029630f063f04a5fabb4d6cde095a8ec2f76e7bbdcdb427e76b0c7578a2f92c32ff585fab0939e7bed5a6a5	summary_of_weaknesses	One naturally wonders why not simply train a smaller HMM, and where does the performance gain of this paper come from in Table 3.As another example, looking at Figure 4 (a), the original PCFG is equivalent to a smaller PCFG (with fully decomposable potentials) with state size being the rank size.	Summary_of_weaknesses	I	H16. Limitations != weaknesses
c4fff444ce629569aa444881cb13c6cb61c630ead029630f063f04a5fabb4d6cde095a8ec2f76e7bbdcdb427e76b0c7578a2f92c32ff585fab0939e7bed5a6a5	summary_of_weaknesses	This smaller PCFG is over-parameterized though, e.g., its potential $H\in \mathcal{R}^{r	Summary_of_weaknesses	I	Other
c4fff444ce629569aa444881cb13c6cb61c630ead029630f063f04a5fabb4d6cde095a8ec2f76e7bbdcdb427e76b0c7578a2f92c32ff585fab0939e7bed5a6a5	summary_of_weaknesses	\times r}$ is parameterized as $V U^T$ where $U,V\in \mathcal{R}^{r	Summary_of_weaknesses	I	Other
c4fff444ce629569aa444881cb13c6cb61c630ead029630f063f04a5fabb4d6cde095a8ec2f76e7bbdcdb427e76b0c7578a2f92c32ff585fab0939e7bed5a6a5	summary_of_weaknesses	\times m}$ and $r < m$, instead of directly being parameterized as a learned matrix of $\mathcal{R}^{r \times r}$. That being said, I don't consider this a problem introduced by this paper since this should be a problem of many previous works as well, and it seems an intriguing question why large state spaces help despite the existence of these equivalent small models.	Summary_of_weaknesses	I	Other
c4fff444ce629569aa444881cb13c6cb61c630ead029630f063f04a5fabb4d6cde095a8ec2f76e7bbdcdb427e76b0c7578a2f92c32ff585fab0939e7bed5a6a5	summary_of_weaknesses	Is it similar to why overparameterizing in neural models help?	Summary_of_weaknesses	I	H1. The results are not surprising
c4fff444ce629569aa444881cb13c6cb61c630ead029630f063f04a5fabb4d6cde095a8ec2f76e7bbdcdb427e76b0c7578a2f92c32ff585fab0939e7bed5a6a5	summary_of_weaknesses	Is there an equivalent form of the lottery ticket hypothesis here?	Summary_of_weaknesses	I	H1. The results are not surprising
c4fff444ce629569aa444881cb13c6cb61c630ead029630f063f04a5fabb4d6cde095a8ec2f76e7bbdcdb427e76b0c7578a2f92c32ff585fab0939e7bed5a6a5	comments,_suggestions_and_typos	comments,_suggestions_and_typos:In regard to weakness #1, I think this work would be strengthened by adding the following baselines: 1.	comments,_suggestions_and_typos	B	The paper is missing relevant references
c4fff444ce629569aa444881cb13c6cb61c630ead029630f063f04a5fabb4d6cde095a8ec2f76e7bbdcdb427e76b0c7578a2f92c32ff585fab0939e7bed5a6a5	comments,_suggestions_and_typos	For each PCFG with rank r, add a baseline smaller PCFG with state size being r, but where $H, I, J, K, L$ are directly parameterized as learned matrices of $\mathcal{R}^{r \times r}$, $\mathcal{R}^{r \times o}$, $\mathcal{R}^{r}$, etc.	comments,_suggestions_and_typos	I	H13. The authors could also do [extra experiment X]
c4fff444ce629569aa444881cb13c6cb61c630ead029630f063f04a5fabb4d6cde095a8ec2f76e7bbdcdb427e76b0c7578a2f92c32ff585fab0939e7bed5a6a5	comments,_suggestions_and_typos	Under this setting, parsing F-1 might not be directly comparable, but perplexity can still be compared.	comments,_suggestions_and_typos	I	H13. The authors could also do [extra experiment X]
c4fff444ce629569aa444881cb13c6cb61c630ead029630f063f04a5fabb4d6cde095a8ec2f76e7bbdcdb427e76b0c7578a2f92c32ff585fab0939e7bed5a6a5	comments,_suggestions_and_typos	2	"""Summary_of_weaknesses"	O	Other
c4fff444ce629569aa444881cb13c6cb61c630ead029630f063f04a5fabb4d6cde095a8ec2f76e7bbdcdb427e76b0c7578a2f92c32ff585fab0939e7bed5a6a5	comments,_suggestions_and_typos	For each HMM with rank r, add a baseline smaller HMM with state size being r.	comments,_suggestions_and_typos	B	H15. The authors should have done [X] instead, The paper is missing recent baselines
f747e56ba9dea371a105837138f7a51763dcbff3fd85e6dcae695a2f4b134a331bc69841f737a01318105e56c4606dd67a84e8f4550e265aba969bc471c379d2	summary_of_weaknesses	in Table 1, it seems using Flickr textual corpus only can bring improvement for SimCSE on downstream tasks but not for using COCO, is there a detailed explanation for this?	Summary_of_weaknesses	B	Not Enough Info, H1. The results are not surprising
f747e56ba9dea371a105837138f7a51763dcbff3fd85e6dcae695a2f4b134a331bc69841f737a01318105e56c4606dd67a84e8f4550e265aba969bc471c379d2	summary_of_weaknesses	( also, will adding additional textual data, e.g. more Wikipedia texts bring similar improvement)?	Summary_of_weaknesses	I	H13. The authors could also do [extra experiment X]
f747e56ba9dea371a105837138f7a51763dcbff3fd85e6dcae695a2f4b134a331bc69841f737a01318105e56c4606dd67a84e8f4550e265aba969bc471c379d2	summary_of_weaknesses	-Tan and Bansal (2020) shows the significant difference between the image-text corpus and wiki corpus (small sentence length, usually less than 77 and so on.)	Summary_of_weaknesses	I	Other
f747e56ba9dea371a105837138f7a51763dcbff3fd85e6dcae695a2f4b134a331bc69841f737a01318105e56c4606dd67a84e8f4550e265aba969bc471c379d2	summary_of_weaknesses	But the dataset statistics have not been discussed here, wondering will become a problem or not for sentence representation learning.	Summary_of_weaknesses	I	Not Enough Info, H1. The results are not surprising, H13. The authors could also do [extra experiment X]
f747e56ba9dea371a105837138f7a51763dcbff3fd85e6dcae695a2f4b134a331bc69841f737a01318105e56c4606dd67a84e8f4550e265aba969bc471c379d2	comments,_suggestions_and_typos	comments,_suggestions_and_typos:See above	comments,_suggestions_and_typos	O	
4edc2630e0ec13d76613a4e505aa8afa86e1cf68cdf29f1ce1b177f589d30c8238cd88a457b46b55a9db5fda56a76ac81df9621ca4b429880995d33352a6820f	Summary of Weaknesses	Training was performed on each dataset separately.	"""Summary_of_weaknesses"	B	Other
4edc2630e0ec13d76613a4e505aa8afa86e1cf68cdf29f1ce1b177f589d30c8238cd88a457b46b55a9db5fda56a76ac81df9621ca4b429880995d33352a6820f	Summary of Weaknesses	This may have resulted in the models being quite domain-specific, limiting their generalisation ability.	"""Summary_of_weaknesses"	I	The formulation of X is wrong, H9. The topic is too niche
4edc2630e0ec13d76613a4e505aa8afa86e1cf68cdf29f1ce1b177f589d30c8238cd88a457b46b55a9db5fda56a76ac81df9621ca4b429880995d33352a6820f	Summary of Weaknesses	The method was limited to 2 sequences (minor point).	"""Summary_of_weaknesses"	I	The formulation of X is wrong
4edc2630e0ec13d76613a4e505aa8afa86e1cf68cdf29f1ce1b177f589d30c8238cd88a457b46b55a9db5fda56a76ac81df9621ca4b429880995d33352a6820f	Comments, Suggestions, and Typos	I could see how patch-based swapping may have helped for learning a better intra-modal association when the patches depicted objects the text referred to.	"""Summary_of_weaknesses"	B	Other
4edc2630e0ec13d76613a4e505aa8afa86e1cf68cdf29f1ce1b177f589d30c8238cd88a457b46b55a9db5fda56a76ac81df9621ca4b429880995d33352a6820f	Comments, Suggestions, and Typos	What was the assumption regarding the benefit of general patch-based (as in CLIP-ViL) swapping for the sequencing task?	"""comments,_suggestions_and_typos"""	I	Other
4edc2630e0ec13d76613a4e505aa8afa86e1cf68cdf29f1ce1b177f589d30c8238cd88a457b46b55a9db5fda56a76ac81df9621ca4b429880995d33352a6820f	Comments, Suggestions, and Typos	General intra-modal understanding was already the motivation for SMRM, wasn’t it?	"""Summary_of_weaknesses"	I	Other
4edc2630e0ec13d76613a4e505aa8afa86e1cf68cdf29f1ce1b177f589d30c8238cd88a457b46b55a9db5fda56a76ac81df9621ca4b429880995d33352a6820f	Comments, Suggestions, and Typos	In Section 4.2.3, an illustration might have helped to explain this part; it was hard to understand.	"""comments,_suggestions_and_typos"""	I	H15. The authors should have done [X] instead
4edc2630e0ec13d76613a4e505aa8afa86e1cf68cdf29f1ce1b177f589d30c8238cd88a457b46b55a9db5fda56a76ac81df9621ca4b429880995d33352a6820f	Comments, Suggestions, and Typos	In Section 4.3, the output of the BERSON decoder was simply the order—i.e., integer values (e.g., 0 and 1 in your case of sequences of 2), wasn’t it?	"""comments,_suggestions_and_typos"""	I	Other
4edc2630e0ec13d76613a4e505aa8afa86e1cf68cdf29f1ce1b177f589d30c8238cd88a457b46b55a9db5fda56a76ac81df9621ca4b429880995d33352a6820f	Comments, Suggestions, and Typos	In Section 5, why wasn’t a comparison against a pre-trained ResNet version also made, as was done for CLIP (image-only)?	"""comments,_suggestions_and_typos"""	I	Other
4edc2630e0ec13d76613a4e505aa8afa86e1cf68cdf29f1ce1b177f589d30c8238cd88a457b46b55a9db5fda56a76ac81df9621ca4b429880995d33352a6820f	Comments, Suggestions, and Typos	In Section 5, how would you have explained the gap in effectiveness in the Image-Only setting on WikiHow vs. RecipeQA?	"""comments,_suggestions_and_typos"""	I	Other
4edc2630e0ec13d76613a4e505aa8afa86e1cf68cdf29f1ce1b177f589d30c8238cd88a457b46b55a9db5fda56a76ac81df9621ca4b429880995d33352a6820f	Comments, Suggestions, and Typos	For the other settings/models/modalities, the difference in effectiveness was comparably marginal.	"""Summary_of_weaknesses"	I	The contribution is not novel
4edc2630e0ec13d76613a4e505aa8afa86e1cf68cdf29f1ce1b177f589d30c8238cd88a457b46b55a9db5fda56a76ac81df9621ca4b429880995d33352a6820f	Comments, Suggestions, and Typos	"Line 135: ""consists"" should have been ""which consists"" or ""consisting""."	"""comments,_suggestions_and_typos"""	I	Other
4edc2630e0ec13d76613a4e505aa8afa86e1cf68cdf29f1ce1b177f589d30c8238cd88a457b46b55a9db5fda56a76ac81df9621ca4b429880995d33352a6820f	Comments, Suggestions, and Typos	In Section 3.2, the number of footnotes could have been reduced.	"""comments,_suggestions_and_typos"""	I	Other
4edc2630e0ec13d76613a4e505aa8afa86e1cf68cdf29f1ce1b177f589d30c8238cd88a457b46b55a9db5fda56a76ac81df9621ca4b429880995d33352a6820f	Comments, Suggestions, and Typos	"Line 318: ""select the same"" (missing article “the”)."	"""comments,_suggestions_and_typos"""	I	Other
4edc2630e0ec13d76613a4e505aa8afa86e1cf68cdf29f1ce1b177f589d30c8238cd88a457b46b55a9db5fda56a76ac81df9621ca4b429880995d33352a6820f	Comments, Suggestions, and Typos	"Line 466: ""the text-only"" (missing article “the”)."	"""comments,_suggestions_and_typos"""	I	Other
57eee440d1fdb561b79d3de08ca5af081643756490129a5f136ed36045b1266a2cdaf52e76213d8959b306b879e3c50f1bfb9a61888fd6b275370a9ae029faa3	Summary of Weaknesses	Although the paper is interesting and strongly supported by experimental results, understanding the details is tough.	"""Summary_of_weaknesses"	B	H15. The authors should have done [X] instead,  X is not clear
57eee440d1fdb561b79d3de08ca5af081643756490129a5f136ed36045b1266a2cdaf52e76213d8959b306b879e3c50f1bfb9a61888fd6b275370a9ae029faa3	Summary of Weaknesses	The difference between TGDFA+orig and TGDFA is not very clear in what is meant by the original bilingual GDFA.	"""Summary_of_weaknesses"	I	X is not clear
57eee440d1fdb561b79d3de08ca5af081643756490129a5f136ed36045b1266a2cdaf52e76213d8959b306b879e3c50f1bfb9a61888fd6b275370a9ae029faa3	Summary of Weaknesses	An illustration (page limit permitting) may be helpful to understand the difference.	"""comments,_suggestions_and_typos"""	I	H11. The paper has language errors
57eee440d1fdb561b79d3de08ca5af081643756490129a5f136ed36045b1266a2cdaf52e76213d8959b306b879e3c50f1bfb9a61888fd6b275370a9ae029faa3	Summary of Weaknesses	It is unclear if the HELFI training set uses 3 languages or 84 as listed in the appendix.	"""comments,_suggestions_and_typos"""	I	X is not clear
57eee440d1fdb561b79d3de08ca5af081643756490129a5f136ed36045b1266a2cdaf52e76213d8959b306b879e3c50f1bfb9a61888fd6b275370a9ae029faa3	Comments, Suggestions, and Typos	Apart from the concerns above, it is better to have some insights on how more other language pairs not in the test set correlate with increased performance.	"""comments,_suggestions_and_typos"""	B	H15. The authors should have done [X] instead
57eee440d1fdb561b79d3de08ca5af081643756490129a5f136ed36045b1266a2cdaf52e76213d8959b306b879e3c50f1bfb9a61888fd6b275370a9ae029faa3	Comments, Suggestions, and Typos	This can be achieved by experimental setups which include or exclude other languages not in the test set.	"""comments,_suggestions_and_typos"""	I	H15. The authors should have done [X] instead
57eee440d1fdb561b79d3de08ca5af081643756490129a5f136ed36045b1266a2cdaf52e76213d8959b306b879e3c50f1bfb9a61888fd6b275370a9ae029faa3	Comments, Suggestions, and Typos	For example, in HELFI, there can be one setup which includes only Finnish, Greek, and Hebrew and another that includes all the 84 languages in Appendix A.	"""comments,_suggestions_and_typos"""	I	H15. The authors should have done [X] instead
57eee440d1fdb561b79d3de08ca5af081643756490129a5f136ed36045b1266a2cdaf52e76213d8959b306b879e3c50f1bfb9a61888fd6b275370a9ae029faa3	Comments, Suggestions, and Typos	The Appendix A is awkward as the section heading is not on the same page with the entire content, which can be fixed by typesetting.	"""comments,_suggestions_and_typos"""	I	Other
0b9a49eea74e105b884a72d3f3acfd2f653903dc62a2b5c1e5f267c18ee0738682c1ed7549dfa2e94a1359aaf0eb4fe698144a6467d15db712af895459bf6efd	Summary of Weaknesses	Less of a weakness, but I do slightly disagree with the authors' focus on instance-level rather than system-level correlation (see below).	"""comments,_suggestions_and_typos"""	B	H15. The authors should have done [X] instead
0b9a49eea74e105b884a72d3f3acfd2f653903dc62a2b5c1e5f267c18ee0738682c1ed7549dfa2e94a1359aaf0eb4fe698144a6467d15db712af895459bf6efd	Comments, Suggestions, and Typos	In Section 2.4, the authors argued that metrics should be ranked in terms of instance-level judgments.	"""comments,_suggestions_and_typos"""	B	H15. The authors should have done [X] instead
0b9a49eea74e105b884a72d3f3acfd2f653903dc62a2b5c1e5f267c18ee0738682c1ed7549dfa2e94a1359aaf0eb4fe698144a6467d15db712af895459bf6efd	Comments, Suggestions, and Typos	While I acknowledged the clear advantages of this, particularly related to sample size, I would encourage the authors to also include system-level scores in the leaderboard.	"""comments,_suggestions_and_typos"""	I	H15. The authors should have done [X] instead
0b9a49eea74e105b884a72d3f3acfd2f653903dc62a2b5c1e5f267c18ee0738682c1ed7549dfa2e94a1359aaf0eb4fe698144a6467d15db712af895459bf6efd	Comments, Suggestions, and Typos	Ultimately, in the other half of the leaderboard, metrics will be used to make system-level comparisons.	"""comments,_suggestions_and_typos"""	I	Other
0b9a49eea74e105b884a72d3f3acfd2f653903dc62a2b5c1e5f267c18ee0738682c1ed7549dfa2e94a1359aaf0eb4fe698144a6467d15db712af895459bf6efd	Comments, Suggestions, and Typos	Even if there is high instance-level correlation, there could be different patterns at the system-level—for example, if a metric has a small but consistent bias for or against a particular system's outputs.	"""comments,_suggestions_and_typos"""	I	Other
0b9a49eea74e105b884a72d3f3acfd2f653903dc62a2b5c1e5f267c18ee0738682c1ed7549dfa2e94a1359aaf0eb4fe698144a6467d15db712af895459bf6efd	Comments, Suggestions, and Typos	I wondered if perhaps there was some sort of compromise way to rank metrics that incorporates both instance-level and system-level scores.	"""comments,_suggestions_and_typos"""	I	Other
2e11cd33d54b2c5cccbe5dcbf3a244fb6ae1ea6de3cb6934ffbcba771d18163487fa5b3aaad8d41e90c895ee68f813f664e5b0fd447f20f0694c99ea82641a57	Summary of Weaknesses	More emphasis could be given to explaining what the approach is actually doing better than previous ones.	"""Summary_of_weaknesses"	B	H15. The authors should have done [X] instead
2e11cd33d54b2c5cccbe5dcbf3a244fb6ae1ea6de3cb6934ffbcba771d18163487fa5b3aaad8d41e90c895ee68f813f664e5b0fd447f20f0694c99ea82641a57	Summary of Weaknesses	The model’s outputs do obtain higher scores using automatic metrics, but the paper would benefit from more in-depth analysis of where this improvement comes from.	"""Summary_of_weaknesses"	I	H15. The authors should have done [X] instead
2e11cd33d54b2c5cccbe5dcbf3a244fb6ae1ea6de3cb6934ffbcba771d18163487fa5b3aaad8d41e90c895ee68f813f664e5b0fd447f20f0694c99ea82641a57	Summary of Weaknesses	Section 4.4 goes in the right direction by showing that models trained using GCPG suffer less from the copying problem and generate more diverse ngrams.	"""Summary_of_weaknesses"	I	Other
2e11cd33d54b2c5cccbe5dcbf3a244fb6ae1ea6de3cb6934ffbcba771d18163487fa5b3aaad8d41e90c895ee68f813f664e5b0fd447f20f0694c99ea82641a57	Summary of Weaknesses	However, this does not show whether the outputs actually better follow the constraints provided.	"""Summary_of_weaknesses"	I	Other
2e11cd33d54b2c5cccbe5dcbf3a244fb6ae1ea6de3cb6934ffbcba771d18163487fa5b3aaad8d41e90c895ee68f813f664e5b0fd447f20f0694c99ea82641a57	Summary of Weaknesses	How frequently and correctly do the outputs incorporate the lexical items indicated as constraints better than previous work?	"""Summary_of_weaknesses"	I	Other
2e11cd33d54b2c5cccbe5dcbf3a244fb6ae1ea6de3cb6934ffbcba771d18163487fa5b3aaad8d41e90c895ee68f813f664e5b0fd447f20f0694c99ea82641a57	Summary of Weaknesses	How frequently and correctly do the outputs follow the syntactic structure of the exemplar better than previous work?	"""Summary_of_weaknesses"	I	Other
2e11cd33d54b2c5cccbe5dcbf3a244fb6ae1ea6de3cb6934ffbcba771d18163487fa5b3aaad8d41e90c895ee68f813f664e5b0fd447f20f0694c99ea82641a57	Summary of Weaknesses	Automatic evaluation shows GCPG outperforms previous work in almost all metrics except TED.	"""Summary_of_weaknesses"	B	Other
2e11cd33d54b2c5cccbe5dcbf3a244fb6ae1ea6de3cb6934ffbcba771d18163487fa5b3aaad8d41e90c895ee68f813f664e5b0fd447f20f0694c99ea82641a57	Summary of Weaknesses	Do the authors have an intuition or evidence for why this happens?	"""Summary_of_weaknesses"	I	H2. The results contradict what I would expect
2e11cd33d54b2c5cccbe5dcbf3a244fb6ae1ea6de3cb6934ffbcba771d18163487fa5b3aaad8d41e90c895ee68f813f664e5b0fd447f20f0694c99ea82641a57	Summary of Weaknesses	TED measures syntactic tree similarity, indicating how well the model followed the syntactic condition.	"""comments,_suggestions_and_typos"""	I	Other
2e11cd33d54b2c5cccbe5dcbf3a244fb6ae1ea6de3cb6934ffbcba771d18163487fa5b3aaad8d41e90c895ee68f813f664e5b0fd447f20f0694c99ea82641a57	Summary of Weaknesses	GCPG models are not better than CGEN and SGCP on TED in the ParaNMT dataset, but not in QQP-Pos.	"""comments,_suggestions_and_typos"""	I	H2. The results contradict what I would expect
2e11cd33d54b2c5cccbe5dcbf3a244fb6ae1ea6de3cb6934ffbcba771d18163487fa5b3aaad8d41e90c895ee68f813f664e5b0fd447f20f0694c99ea82641a57	Summary of Weaknesses	Could the authors explain whether this is related to the metric itself or dataset characteristics?	"""comments,_suggestions_and_typos"""	I	H2. The results contradict what I would expect
2e11cd33d54b2c5cccbe5dcbf3a244fb6ae1ea6de3cb6934ffbcba771d18163487fa5b3aaad8d41e90c895ee68f813f664e5b0fd447f20f0694c99ea82641a57	Summary of Weaknesses	In NLG tasks, human evaluation is especially important, and more details about methodology are needed.	"""Summary_of_weaknesses"	B	Other
2e11cd33d54b2c5cccbe5dcbf3a244fb6ae1ea6de3cb6934ffbcba771d18163487fa5b3aaad8d41e90c895ee68f813f664e5b0fd447f20f0694c99ea82641a57	Summary of Weaknesses	What quality controls were used to ensure reliable crowdsourced scores?	"""Summary_of_weaknesses"	I	Other
2e11cd33d54b2c5cccbe5dcbf3a244fb6ae1ea6de3cb6934ffbcba771d18163487fa5b3aaad8d41e90c895ee68f813f664e5b0fd447f20f0694c99ea82641a57	Summary of Weaknesses	What was the inter-annotator agreement or reliability of the collected data?	"""Summary_of_weaknesses"	I	Other
2e11cd33d54b2c5cccbe5dcbf3a244fb6ae1ea6de3cb6934ffbcba771d18163487fa5b3aaad8d41e90c895ee68f813f664e5b0fd447f20f0694c99ea82641a57	Summary of Weaknesses	What were the exact instructions provided to crowdworkers, especially for syntax similarity?	"""Summary_of_weaknesses"	I	Other
2e11cd33d54b2c5cccbe5dcbf3a244fb6ae1ea6de3cb6934ffbcba771d18163487fa5b3aaad8d41e90c895ee68f813f664e5b0fd447f20f0694c99ea82641a57	Summary of Weaknesses	How were annotators instructed or trained to assess syntax similarity?	"""Summary_of_weaknesses"	I	Other
2e11cd33d54b2c5cccbe5dcbf3a244fb6ae1ea6de3cb6934ffbcba771d18163487fa5b3aaad8d41e90c895ee68f813f664e5b0fd447f20f0694c99ea82641a57	Summary of Weaknesses	In the human evaluation (Table 4), the authors did not include results for GCPG-S only.	"""Summary_of_weaknesses"	B	Other
2e11cd33d54b2c5cccbe5dcbf3a244fb6ae1ea6de3cb6934ffbcba771d18163487fa5b3aaad8d41e90c895ee68f813f664e5b0fd447f20f0694c99ea82641a57	Summary of Weaknesses	Including GCPG-S results would support claims about combining lexical and syntactic constraints being more effective than using them independently.	"""Summary_of_weaknesses"	I	Other
2e11cd33d54b2c5cccbe5dcbf3a244fb6ae1ea6de3cb6934ffbcba771d18163487fa5b3aaad8d41e90c895ee68f813f664e5b0fd447f20f0694c99ea82641a57	Comments, Suggestions, and Typos	I strongly recommend explicitly stating the language being studied at the beginning of the paper.	"""comments,_suggestions_and_typos"""	B	Other
2e11cd33d54b2c5cccbe5dcbf3a244fb6ae1ea6de3cb6934ffbcba771d18163487fa5b3aaad8d41e90c895ee68f813f664e5b0fd447f20f0694c99ea82641a57	Comments, Suggestions, and Typos	Read “Data Statements for Natural Language Processing” (Bender and Friedman, 2018) or https://thegradient.pub/the-benderrule-on-naming-the-languages-we-study-and-why-it-matters/ for justification.	"""comments,_suggestions_and_typos"""	I	Other
2e11cd33d54b2c5cccbe5dcbf3a244fb6ae1ea6de3cb6934ffbcba771d18163487fa5b3aaad8d41e90c895ee68f813f664e5b0fd447f20f0694c99ea82641a57	Comments, Suggestions, and Typos	Readers unfamiliar with the area might appreciate more motivation for controllability in paraphrasing.	"""comments,_suggestions_and_typos"""	B	Other
2e11cd33d54b2c5cccbe5dcbf3a244fb6ae1ea6de3cb6934ffbcba771d18163487fa5b3aaad8d41e90c895ee68f813f664e5b0fd447f20f0694c99ea82641a57	Comments, Suggestions, and Typos	In lines 43–44, stating “lacking control might result in undesirable results” would benefit from concrete examples.	"""comments,_suggestions_and_typos"""	I	Other
2e11cd33d54b2c5cccbe5dcbf3a244fb6ae1ea6de3cb6934ffbcba771d18163487fa5b3aaad8d41e90c895ee68f813f664e5b0fd447f20f0694c99ea82641a57	Comments, Suggestions, and Typos	Line 46: Provide an example of a real-world application where syntactic control is useful, e.g., active voice in Text Simplification.	"""comments,_suggestions_and_typos"""	I	Other
2e11cd33d54b2c5cccbe5dcbf3a244fb6ae1ea6de3cb6934ffbcba771d18163487fa5b3aaad8d41e90c895ee68f813f664e5b0fd447f20f0694c99ea82641a57	Comments, Suggestions, and Typos	Lines 70–71: Clarify that exemplars are only available for testing due to dataset construction, or link to where it’s explained.	"""comments,_suggestions_and_typos"""	B	Other
2e11cd33d54b2c5cccbe5dcbf3a244fb6ae1ea6de3cb6934ffbcba771d18163487fa5b3aaad8d41e90c895ee68f813f664e5b0fd447f20f0694c99ea82641a57	Comments, Suggestions, and Typos	Lines 211–214: Clarify whether multiple syntactic constraints can be concatenated and how lexical/syntactic conditions are separated.	"""comments,_suggestions_and_typos"""	B	Other
2e11cd33d54b2c5cccbe5dcbf3a244fb6ae1ea6de3cb6934ffbcba771d18163487fa5b3aaad8d41e90c895ee68f813f664e5b0fd447f20f0694c99ea82641a57	Comments, Suggestions, and Typos	Clarify whether syntactic and lexical conditions are separated by [SEP] when combined.	"""comments,_suggestions_and_typos"""	I	Other
2e11cd33d54b2c5cccbe5dcbf3a244fb6ae1ea6de3cb6934ffbcba771d18163487fa5b3aaad8d41e90c895ee68f813f664e5b0fd447f20f0694c99ea82641a57	Comments, Suggestions, and Typos	More detail is needed on how the Exemplar Dictionary was constructed for reproducibility.	"""comments,_suggestions_and_typos"""	I	H13. The authors could also do [extra experiment X]
2e11cd33d54b2c5cccbe5dcbf3a244fb6ae1ea6de3cb6934ffbcba771d18163487fa5b3aaad8d41e90c895ee68f813f664e5b0fd447f20f0694c99ea82641a57	Comments, Suggestions, and Typos	Explain how LCTs were obtained, and whether further post-processing or filtering was applied.	"""comments,_suggestions_and_typos"""	I	Other
2e11cd33d54b2c5cccbe5dcbf3a244fb6ae1ea6de3cb6934ffbcba771d18163487fa5b3aaad8d41e90c895ee68f813f664e5b0fd447f20f0694c99ea82641a57	Comments, Suggestions, and Typos	Provide statistics: size of the dictionary, average number of sentences per LCT.	"""comments,_suggestions_and_typos"""	I	H13. The authors could also do [extra experiment X]
2e11cd33d54b2c5cccbe5dcbf3a244fb6ae1ea6de3cb6934ffbcba771d18163487fa5b3aaad8d41e90c895ee68f813f664e5b0fd447f20f0694c99ea82641a57	Comments, Suggestions, and Typos	Why was the training set used to build the dictionary instead of a larger dataset for more variability?	"""comments,_suggestions_and_typos"""	I	Other
2e11cd33d54b2c5cccbe5dcbf3a244fb6ae1ea6de3cb6934ffbcba771d18163487fa5b3aaad8d41e90c895ee68f813f664e5b0fd447f20f0694c99ea82641a57	Comments, Suggestions, and Typos	Lines 301–328: Clarify lexical condition extraction strategy, especially test-time confusion between keyword extraction and seq2seq models.	"""comments,_suggestions_and_typos"""	B	Other
2e11cd33d54b2c5cccbe5dcbf3a244fb6ae1ea6de3cb6934ffbcba771d18163487fa5b3aaad8d41e90c895ee68f813f664e5b0fd447f20f0694c99ea82641a57	Comments, Suggestions, and Typos	TF-IDF, TextRank, and KeyBERT are not seq2seq—was that approach actually used?	"""comments,_suggestions_and_typos"""	I	Other
2e11cd33d54b2c5cccbe5dcbf3a244fb6ae1ea6de3cb6934ffbcba771d18163487fa5b3aaad8d41e90c895ee68f813f664e5b0fd447f20f0694c99ea82641a57	Comments, Suggestions, and Typos	Table 3 does not reflect the use of a seq2seq model—please clarify.	"""comments,_suggestions_and_typos"""	I	Other
2e11cd33d54b2c5cccbe5dcbf3a244fb6ae1ea6de3cb6934ffbcba771d18163487fa5b3aaad8d41e90c895ee68f813f664e5b0fd447f20f0694c99ea82641a57	Comments, Suggestions, and Typos	Table 2 uses “B-R”; should it be “BLEU-4”?	"""comments,_suggestions_and_typos"""	I	Other
2e11cd33d54b2c5cccbe5dcbf3a244fb6ae1ea6de3cb6934ffbcba771d18163487fa5b3aaad8d41e90c895ee68f813f664e5b0fd447f20f0694c99ea82641a57	Comments, Suggestions, and Typos	Minor wording/style suggestions: Lines 76–77: “there lacks” → “there is no”	"""comments,_suggestions_and_typos"""	B	Other
2e11cd33d54b2c5cccbe5dcbf3a244fb6ae1ea6de3cb6934ffbcba771d18163487fa5b3aaad8d41e90c895ee68f813f664e5b0fd447f20f0694c99ea82641a57	Comments, Suggestions, and Typos	Line 118: “significant performances” → “very good/high/strong performances”	"""comments,_suggestions_and_typos"""	I	Other
2e11cd33d54b2c5cccbe5dcbf3a244fb6ae1ea6de3cb6934ffbcba771d18163487fa5b3aaad8d41e90c895ee68f813f664e5b0fd447f20f0694c99ea82641a57	Comments, Suggestions, and Typos	Line 139: “provide” → “introduce” or “develop”	"""comments,_suggestions_and_typos"""	I	Other
2e11cd33d54b2c5cccbe5dcbf3a244fb6ae1ea6de3cb6934ffbcba771d18163487fa5b3aaad8d41e90c895ee68f813f664e5b0fd447f20f0694c99ea82641a57	Comments, Suggestions, and Typos	Line 229: “most simple” → “simplest”	"""comments,_suggestions_and_typos"""	I	Other
2e11cd33d54b2c5cccbe5dcbf3a244fb6ae1ea6de3cb6934ffbcba771d18163487fa5b3aaad8d41e90c895ee68f813f664e5b0fd447f20f0694c99ea82641a57	Comments, Suggestions, and Typos	Line 256: use `\citep` instead of `\citet` for But et al. (2021)	"""comments,_suggestions_and_typos"""	I	Other
2e11cd33d54b2c5cccbe5dcbf3a244fb6ae1ea6de3cb6934ffbcba771d18163487fa5b3aaad8d41e90c895ee68f813f664e5b0fd447f20f0694c99ea82641a57	Comments, Suggestions, and Typos	Line 508: “For the lack of space” → “Due to space constraints”	"""comments,_suggestions_and_typos"""	I	Other
2e11cd33d54b2c5cccbe5dcbf3a244fb6ae1ea6de3cb6934ffbcba771d18163487fa5b3aaad8d41e90c895ee68f813f664e5b0fd447f20f0694c99ea82641a57	Comments, Suggestions, and Typos	Replace “besides” with “also” or “in addition” in lines 167, 181, 460, etc.	"""comments,_suggestions_and_typos"""	I	Other
2e11cd33d54b2c5cccbe5dcbf3a244fb6ae1ea6de3cb6934ffbcba771d18163487fa5b3aaad8d41e90c895ee68f813f664e5b0fd447f20f0694c99ea82641a57	Comments, Suggestions, and Typos	Please review the manuscript again for other minor style issues.	"""comments,_suggestions_and_typos"""	I	Other
f4e8081d3275bbcb7628e2d971f4bc82e26fa4034d8f7d6f472da6b569b8ea4e413cfc27067218a17ff82b77c78e43e39f6930a87cf65dd8401f0b98764a2460	Summary of Weaknesses	The paper conflates two separate questions: a) Does the visual information in multimodal models guard against reporting bias, and b) Does more-visually grounded text suffer less from reporting bias than less-visually grounded text?	"""Summary_of_weaknesses"	B	
f4e8081d3275bbcb7628e2d971f4bc82e26fa4034d8f7d6f472da6b569b8ea4e413cfc27067218a17ff82b77c78e43e39f6930a87cf65dd8401f0b98764a2460	Summary of Weaknesses	By only comparing pretrained BERT vs Oscar, the experiments cannot separate questions, and are in danger of drawing unmerited conclusions (e.g. L504 'concludes that ... images+text outperform text-only models': but how well does text-only Oscar perform here?).	"""Summary_of_weaknesses"	I	
f4e8081d3275bbcb7628e2d971f4bc82e26fa4034d8f7d6f472da6b569b8ea4e413cfc27067218a17ff82b77c78e43e39f6930a87cf65dd8401f0b98764a2460	Summary of Weaknesses	Disentangling them would require training a BERT model on Oscar's text data (maybe the model alluded to in preliminary experiments, L354?).	"""Summary_of_weaknesses"	I	
f4e8081d3275bbcb7628e2d971f4bc82e26fa4034d8f7d6f472da6b569b8ea4e413cfc27067218a17ff82b77c78e43e39f6930a87cf65dd8401f0b98764a2460	Summary of Weaknesses	The 'distilled' model is close to this, but the discussion around this model is unclear.	"""Summary_of_weaknesses"	I	
f4e8081d3275bbcb7628e2d971f4bc82e26fa4034d8f7d6f472da6b569b8ea4e413cfc27067218a17ff82b77c78e43e39f6930a87cf65dd8401f0b98764a2460	Summary of Weaknesses	Oscar (and distilled BERT) are trained on COCO, which is part of Visual Genome.	"""Summary_of_weaknesses"	I	
f4e8081d3275bbcb7628e2d971f4bc82e26fa4034d8f7d6f472da6b569b8ea4e413cfc27067218a17ff82b77c78e43e39f6930a87cf65dd8401f0b98764a2460	Summary of Weaknesses	There is therefore a 'training on test' problem here, making it difficult to separate the effect of adding the visual modality vs matching the test distribution better than Wikipedia.	"""Summary_of_weaknesses"	I	
f4e8081d3275bbcb7628e2d971f4bc82e26fa4034d8f7d6f472da6b569b8ea4e413cfc27067218a17ff82b77c78e43e39f6930a87cf65dd8401f0b98764a2460	Summary of Weaknesses	In fairness, Section 5.3 and Table 5 compare VG-trained Oscar with (probably) VG-free CLIP and do not see any large differences between the two, indicating it’s not the VG-in-training that drives differences between BERT and the multimodal models (more likely genre/domain differences, or the actual visual inputs).	"""Summary_of_weaknesses"	I	
f4e8081d3275bbcb7628e2d971f4bc82e26fa4034d8f7d6f472da6b569b8ea4e413cfc27067218a17ff82b77c78e43e39f6930a87cf65dd8401f0b98764a2460	Summary of Weaknesses	The paper is missing discussion of early related work that used e.g. McRae norms; e.g. Silberer et al (2013) and references therein.	"""Summary_of_weaknesses"	B	
f4e8081d3275bbcb7628e2d971f4bc82e26fa4034d8f7d6f472da6b569b8ea4e413cfc27067218a17ff82b77c78e43e39f6930a87cf65dd8401f0b98764a2460	Summary of Weaknesses	It would be useful to check whether the McRae norms agreed with the extracted VG properties.	"""Summary_of_weaknesses"	I	
f4e8081d3275bbcb7628e2d971f4bc82e26fa4034d8f7d6f472da6b569b8ea4e413cfc27067218a17ff82b77c78e43e39f6930a87cf65dd8401f0b98764a2460	Summary of Weaknesses	The McRae dataset is smaller than the extracted VG dataset in this paper, but models might do better or show different patterns for the more salient concepts included in McRae.	"""Summary_of_weaknesses"	I	
f4e8081d3275bbcb7628e2d971f4bc82e26fa4034d8f7d6f472da6b569b8ea4e413cfc27067218a17ff82b77c78e43e39f6930a87cf65dd8401f0b98764a2460	Comments, Suggestions, and Typos	The term 'common sense' is currently overused and underdefined in NLP.	"""Summary_of_weaknesses"	B	
f4e8081d3275bbcb7628e2d971f4bc82e26fa4034d8f7d6f472da6b569b8ea4e413cfc27067218a17ff82b77c78e43e39f6930a87cf65dd8401f0b98764a2460	Comments, Suggestions, and Typos	The discussion on L113-120 about 'visual commonsense' vs 'stereotypic visual attributes' is explicit about the context in this paper; reconsider whether 'visual commonsense' is the best terminology.	"""Summary_of_weaknesses"	B	
f4e8081d3275bbcb7628e2d971f4bc82e26fa4034d8f7d6f472da6b569b8ea4e413cfc27067218a17ff82b77c78e43e39f6930a87cf65dd8401f0b98764a2460	Comments, Suggestions, and Typos	Do all the models use the same tokenisation?	"""Summary_of_weaknesses"	I	
f4e8081d3275bbcb7628e2d971f4bc82e26fa4034d8f7d6f472da6b569b8ea4e413cfc27067218a17ff82b77c78e43e39f6930a87cf65dd8401f0b98764a2460	Comments, Suggestions, and Typos	The 'mask first token' methodology (Footnote 4) would lead to better MLM results for models with finer-grained/shorter subwords if tokenisation is not controlled for.	"""Summary_of_weaknesses"	I	
f4e8081d3275bbcb7628e2d971f4bc82e26fa4034d8f7d6f472da6b569b8ea4e413cfc27067218a17ff82b77c78e43e39f6930a87cf65dd8401f0b98764a2460	Comments, Suggestions, and Typos	Why does soft prompt tuning have a huge effect on Color (~20-30 points) but much less for other attribute types?	"""Summary_of_weaknesses"	I	
f4e8081d3275bbcb7628e2d971f4bc82e26fa4034d8f7d6f472da6b569b8ea4e413cfc27067218a17ff82b77c78e43e39f6930a87cf65dd8401f0b98764a2460	Comments, Suggestions, and Typos	Figure 2/451: The Vokenization model has the second highest correlation gap between Wikipedia and COCO, after BERT — if true, does this imply vokenisation doesn’t work?	"""Summary_of_weaknesses"	B	
f4e8081d3275bbcb7628e2d971f4bc82e26fa4034d8f7d6f472da6b569b8ea4e413cfc27067218a17ff82b77c78e43e39f6930a87cf65dd8401f0b98764a2460	Comments, Suggestions, and Typos	In Table 3, Column Color, Bert_L has the same values for Tune=N/Y. Is this a typo or coincidence?	"""Summary_of_weaknesses"	B	
f4e8081d3275bbcb7628e2d971f4bc82e26fa4034d8f7d6f472da6b569b8ea4e413cfc27067218a17ff82b77c78e43e39f6930a87cf65dd8401f0b98764a2460	Comments, Suggestions, and Typos	A.2 Table 9: is it with or without tuning?	"""Summary_of_weaknesses"	B	
f4e8081d3275bbcb7628e2d971f4bc82e26fa4034d8f7d6f472da6b569b8ea4e413cfc27067218a17ff82b77c78e43e39f6930a87cf65dd8401f0b98764a2460	Comments, Suggestions, and Typos	The appendix figures could use more explanation (e.g., what are the color indices in Figures 8,9; what are the subjects in Figures 6,7).	"""Summary_of_weaknesses"	B	
f4e8081d3275bbcb7628e2d971f4bc82e26fa4034d8f7d6f472da6b569b8ea4e413cfc27067218a17ff82b77c78e43e39f6930a87cf65dd8401f0b98764a2460	Comments, Suggestions, and Typos	It would help to show high/low correlation subjects (Table 11) for Single/Multi/Any subjects separately.	"""Summary_of_weaknesses"	I	
f4e8081d3275bbcb7628e2d971f4bc82e26fa4034d8f7d6f472da6b569b8ea4e413cfc27067218a17ff82b77c78e43e39f6930a87cf65dd8401f0b98764a2460	Comments, Suggestions, and Typos	Section 4.2 (Elicitation methods) includes paragraphs on soft prompt tuning and knowledge distillation, which is confusing.	"""Summary_of_weaknesses"	B	
a8f89cc345ff1d003011e9952aa869abc3a87ea1a0344436261ac7b3a6099c24921f53e324b0f43af1841432485da9efdb7fe4f2cb24c6324659006a6774caa2	Summary of Weaknesses	My main concerns are the lack of novelty and proper comparison with a previous study.	"""Summary_of_weaknesses"	B	Other
a8f89cc345ff1d003011e9952aa869abc3a87ea1a0344436261ac7b3a6099c24921f53e324b0f43af1841432485da9efdb7fe4f2cb24c6324659006a6774caa2	Summary of Weaknesses	As correctly mentioned in the paper, the work of Xu et al. is not based on MC dropout.	"""Summary_of_weaknesses"	I	Other
a8f89cc345ff1d003011e9952aa869abc3a87ea1a0344436261ac7b3a6099c24921f53e324b0f43af1841432485da9efdb7fe4f2cb24c6324659006a6774caa2	Summary of Weaknesses	However, that work still provides a metric of uncertainty over a generated summary.	"""Summary_of_weaknesses"	I	Other
a8f89cc345ff1d003011e9952aa869abc3a87ea1a0344436261ac7b3a6099c24921f53e324b0f43af1841432485da9efdb7fe4f2cb24c6324659006a6774caa2	Summary of Weaknesses	In fact, the metric of Xu et al. (namely the entropy of the generation distributions) comes with no or little extra computational costs, while the MC dropout of 10 or 20 introduces considerably large feedforward overheads.	"""Summary_of_weaknesses"	I	Other
a8f89cc345ff1d003011e9952aa869abc3a87ea1a0344436261ac7b3a6099c24921f53e324b0f43af1841432485da9efdb7fe4f2cb24c6324659006a6774caa2	Summary of Weaknesses	I believe the method of Xu et al. can be compared against in the experiments of 5.1.	"""Summary_of_weaknesses"	I	Other
a8f89cc345ff1d003011e9952aa869abc3a87ea1a0344436261ac7b3a6099c24921f53e324b0f43af1841432485da9efdb7fe4f2cb24c6324659006a6774caa2	Summary of Weaknesses	This can let the reader know whether the extra cost of MC dropout method comes with considerable benefits.	"""Summary_of_weaknesses"	I	Other
a8f89cc345ff1d003011e9952aa869abc3a87ea1a0344436261ac7b3a6099c24921f53e324b0f43af1841432485da9efdb7fe4f2cb24c6324659006a6774caa2	Summary of Weaknesses	There is no specific novelty in the method.	"""Summary_of_weaknesses"	B	The contribution is not novel
a8f89cc345ff1d003011e9952aa869abc3a87ea1a0344436261ac7b3a6099c24921f53e324b0f43af1841432485da9efdb7fe4f2cb24c6324659006a6774caa2	Summary of Weaknesses	The observation regarding the correlation between uncertainty and performance is in fact an expected one, and has already been observed in several previous studies (also in the context of language generation), like: Not All Relevance Scores are Equal: Efficient Uncertainty and Calibration Modeling for Deep Retrieval Models Daniel Cohen, Bhaskar Mitra, Oleg Lesota, Navid Rekabsaz, Carsten Eickhoff, SIGIR 2021.	"""Summary_of_weaknesses"	I	H1. The results are not surprising
a8f89cc345ff1d003011e9952aa869abc3a87ea1a0344436261ac7b3a6099c24921f53e324b0f43af1841432485da9efdb7fe4f2cb24c6324659006a6774caa2	Summary of Weaknesses	The reported improvement is marginal, while achieved with the large overhead of MC sampling.	"""Summary_of_weaknesses"	I	The contribution is not novel
a8f89cc345ff1d003011e9952aa869abc3a87ea1a0344436261ac7b3a6099c24921f53e324b0f43af1841432485da9efdb7fe4f2cb24c6324659006a6774caa2	Summary of Weaknesses	My guess is that the improvement is only due to the effect of ensembling, inherent in MC dropout.	"""Summary_of_weaknesses"	I	Other
a8f89cc345ff1d003011e9952aa869abc3a87ea1a0344436261ac7b3a6099c24921f53e324b0f43af1841432485da9efdb7fe4f2cb24c6324659006a6774caa2	Comments, Suggestions, and Typos	I believe the method of Xu et al. can be compared against in the experiments of 5.1.	"""comments,_suggestions_and_typos"""	B	Other
a8f89cc345ff1d003011e9952aa869abc3a87ea1a0344436261ac7b3a6099c24921f53e324b0f43af1841432485da9efdb7fe4f2cb24c6324659006a6774caa2	Comments, Suggestions, and Typos	This can let the reader know whether the extra cost of MC dropout method comes with considerable benefits.	"""comments,_suggestions_and_typos"""	I	Other
a8f89cc345ff1d003011e9952aa869abc3a87ea1a0344436261ac7b3a6099c24921f53e324b0f43af1841432485da9efdb7fe4f2cb24c6324659006a6774caa2	Comments, Suggestions, and Typos	More evidence regarding the performance improvement, showing that it is not only due to the effect of ensembling.	"""comments,_suggestions_and_typos"""	B	H13. The authors could also do [extra experiment X]
a8f89cc345ff1d003011e9952aa869abc3a87ea1a0344436261ac7b3a6099c24921f53e324b0f43af1841432485da9efdb7fe4f2cb24c6324659006a6774caa2	Comments, Suggestions, and Typos	Studying more efficient and recent Bayesian approaches, such as: Agustinus Kristiadi, Matthias Hein, and Philipp Hennig. 2020. Being Bayesian, Even Just a Bit, Fixes Overconfidence in ReLU Networks. In Proceedings of the 37th International Conference on Machine Learning (Proceedings of Machine Learning Research, Vol. 119), Hal Daumé III and Aarti Singh (Eds.). PMLR.	"""comments,_suggestions_and_typos"""	B	The paper is missing recent baselines
